audio_file,duration,num_channels,intent
no_gaali__107.wav,2.0,1,no_gaali
no_gaali__814.wav,1.0,1,no_gaali
no_gaali__387.wav,2.0,1,no_gaali
no_gaali__1053.wav,2.0,1,no_gaali
no_gaali__832.wav,1.0,1,no_gaali
no_gaali__1066.wav,1.0,1,no_gaali
no_gaali__473.wav,1.0,1,no_gaali
no_gaali__802.wav,2.0,1,no_gaali
no_gaali__678.wav,2.0,1,no_gaali
no_gaali__1283.wav,2.0,1,no_gaali
no_gaali__777.wav,2.0,1,no_gaali
no_gaali__1123.wav,1.0,1,no_gaali
no_gaali__1363.wav,1.0,1,no_gaali
no_gaali__1075.wav,2.0,1,no_gaali
no_gaali__211.wav,1.0,1,no_gaali
no_gaali__517.wav,2.0,1,no_gaali
no_gaali__1225.wav,2.0,1,no_gaali
no_gaali__178.wav,1.0,1,no_gaali
no_gaali__1016.wav,2.0,1,no_gaali
no_gaali__1368.wav,2.0,1,no_gaali
no_gaali__238.wav,1.0,1,no_gaali
no_gaali__826.wav,2.0,1,no_gaali
no_gaali__863.wav,0.768,1,no_gaali
no_gaali__180.wav,1.0,1,no_gaali
no_gaali__805.wav,2.0,1,no_gaali
no_gaali__311.wav,1.0,1,no_gaali
no_gaali__795.wav,2.0,1,no_gaali
no_gaali__731.wav,0.8359375,1,no_gaali
no_gaali__324.wav,2.0,1,no_gaali
no_gaali__590.wav,2.0,1,no_gaali
no_gaali__362.wav,2.0,1,no_gaali
no_gaali__1133.wav,1.0,1,no_gaali
no_gaali__581.wav,1.0,1,no_gaali
no_gaali__902.wav,1.0,1,no_gaali
no_gaali__327.wav,2.0,1,no_gaali
no_gaali__726.wav,1.0,1,no_gaali
no_gaali__849.wav,2.0,1,no_gaali
no_gaali__399.wav,1.0,1,no_gaali
no_gaali__82.wav,1.0,1,no_gaali
no_gaali__508.wav,2.0,1,no_gaali
no_gaali__836.wav,2.0,1,no_gaali
no_gaali__995.wav,2.0,1,no_gaali
no_gaali__555.wav,2.0,1,no_gaali
no_gaali__727.wav,2.0,1,no_gaali
no_gaali__932.wav,1.0,1,no_gaali
no_gaali__690.wav,1.0,1,no_gaali
no_gaali__437.wav,2.0,1,no_gaali
no_gaali__1025.wav,2.0,1,no_gaali
no_gaali__61.wav,1.0,1,no_gaali
no_gaali__1234.wav,0.9813125,1,no_gaali
no_gaali__583.wav,1.0,1,no_gaali
no_gaali__58.wav,2.0,1,no_gaali
no_gaali__448.wav,2.0,1,no_gaali
no_gaali__621.wav,2.0,1,no_gaali
no_gaali__704.wav,2.0,1,no_gaali
no_gaali__824.wav,2.0,1,no_gaali
no_gaali__385.wav,1.0,1,no_gaali
no_gaali__301.wav,2.0,1,no_gaali
no_gaali__1089.wav,2.0,1,no_gaali
no_gaali__108.wav,1.0,1,no_gaali
no_gaali__748.wav,2.0,1,no_gaali
no_gaali__9.wav,2.0,1,no_gaali
no_gaali__1162.wav,2.0,1,no_gaali
no_gaali__1357.wav,1.0,1,no_gaali
no_gaali__974.wav,2.0,1,no_gaali
no_gaali__435.wav,1.0,1,no_gaali
no_gaali__908.wav,2.0,1,no_gaali
no_gaali__955.wav,2.0,1,no_gaali
no_gaali__183.wav,1.0,1,no_gaali
no_gaali__1096.wav,2.0,1,no_gaali
no_gaali__187.wav,2.0,1,no_gaali
no_gaali__834.wav,2.0,1,no_gaali
no_gaali__1278.wav,2.0,1,no_gaali
no_gaali__11.wav,2.0,1,no_gaali
no_gaali__486.wav,2.0,1,no_gaali
no_gaali__848.wav,1.0,1,no_gaali
no_gaali__718.wav,1.0,1,no_gaali
no_gaali__766.wav,2.0,1,no_gaali
no_gaali__660.wav,2.0,1,no_gaali
no_gaali__881.wav,2.0,1,no_gaali
no_gaali__87.wav,2.0,1,no_gaali
no_gaali__1168.wav,2.0,1,no_gaali
no_gaali__1223.wav,2.0,1,no_gaali
no_gaali__485.wav,2.0,1,no_gaali
no_gaali__1257.wav,2.0,1,no_gaali
no_gaali__1073.wav,1.0,1,no_gaali
no_gaali__1339.wav,2.0,1,no_gaali
no_gaali__1118.wav,1.0,1,no_gaali
no_gaali__156.wav,2.0,1,no_gaali
no_gaali__841.wav,2.0,1,no_gaali
no_gaali__418.wav,1.0,1,no_gaali
no_gaali__680.wav,2.0,1,no_gaali
no_gaali__565.wav,2.0,1,no_gaali
no_gaali__1028.wav,1.0,1,no_gaali
no_gaali__673.wav,2.0,1,no_gaali
no_gaali__63.wav,2.0,1,no_gaali
no_gaali__190.wav,1.0,1,no_gaali
no_gaali__1147.wav,2.0,1,no_gaali
no_gaali__81.wav,2.0,1,no_gaali
no_gaali__1101.wav,1.0,1,no_gaali
no_gaali__1138.wav,2.0,1,no_gaali
no_gaali__1144.wav,1.0,1,no_gaali
no_gaali__719.wav,1.0,1,no_gaali
no_gaali__491.wav,2.0,1,no_gaali
no_gaali__1269.wav,2.0,1,no_gaali
no_gaali__873.wav,2.0,1,no_gaali
no_gaali__750.wav,2.0,1,no_gaali
no_gaali__168.wav,2.0,1,no_gaali
no_gaali__176.wav,2.0,1,no_gaali
no_gaali__664.wav,2.0,1,no_gaali
no_gaali__83.wav,2.0,1,no_gaali
no_gaali__965.wav,2.0,1,no_gaali
no_gaali__345.wav,2.0,1,no_gaali
no_gaali__914.wav,2.0,1,no_gaali
no_gaali__360.wav,1.0,1,no_gaali
no_gaali__913.wav,2.0,1,no_gaali
no_gaali__1292.wav,1.0,1,no_gaali
no_gaali__688.wav,2.0,1,no_gaali
no_gaali__991.wav,2.0,1,no_gaali
no_gaali__670.wav,1.0,1,no_gaali
no_gaali__831.wav,2.0,1,no_gaali
no_gaali__514.wav,2.0,1,no_gaali
no_gaali__121.wav,1.0,1,no_gaali
no_gaali__534.wav,1.0,1,no_gaali
no_gaali__1268.wav,1.0,1,no_gaali
no_gaali__412.wav,1.0,1,no_gaali
no_gaali__1263.wav,1.0,1,no_gaali
no_gaali__975.wav,2.0,1,no_gaali
no_gaali__636.wav,2.0,1,no_gaali
no_gaali__706.wav,2.0,1,no_gaali
no_gaali__1129.wav,2.0,1,no_gaali
no_gaali__1390.wav,2.0,1,no_gaali
no_gaali__1017.wav,1.0,1,no_gaali
no_gaali__172.wav,2.0,1,no_gaali
no_gaali__866.wav,1.0,1,no_gaali
no_gaali__791.wav,1.0,1,no_gaali
no_gaali__631.wav,2.0,1,no_gaali
no_gaali__915.wav,1.0,1,no_gaali
no_gaali__142.wav,2.0,1,no_gaali
no_gaali__1272.wav,2.0,1,no_gaali
no_gaali__220.wav,2.0,1,no_gaali
no_gaali__315.wav,2.0,1,no_gaali
no_gaali__51.wav,0.75325,1,no_gaali
no_gaali__1202.wav,2.0,1,no_gaali
no_gaali__633.wav,1.0,1,no_gaali
no_gaali__217.wav,1.0,1,no_gaali
no_gaali__822.wav,1.0,1,no_gaali
no_gaali__404.wav,2.0,1,no_gaali
no_gaali__465.wav,1.0,1,no_gaali
no_gaali__223.wav,2.0,1,no_gaali
no_gaali__1045.wav,1.0,1,no_gaali
no_gaali__758.wav,2.0,1,no_gaali
no_gaali__358.wav,1.0,1,no_gaali
no_gaali__614.wav,2.0,1,no_gaali
no_gaali__569.wav,1.0,1,no_gaali
no_gaali__754.wav,1.0,1,no_gaali
no_gaali__383.wav,1.0,1,no_gaali
no_gaali__1158.wav,2.0,1,no_gaali
no_gaali__844.wav,2.0,1,no_gaali
no_gaali__254.wav,2.0,1,no_gaali
no_gaali__916.wav,2.0,1,no_gaali
no_gaali__134.wav,1.0,1,no_gaali
no_gaali__695.wav,2.0,1,no_gaali
no_gaali__537.wav,2.0,1,no_gaali
no_gaali__268.wav,1.0,1,no_gaali
no_gaali__1199.wav,1.0,1,no_gaali
no_gaali__413.wav,2.0,1,no_gaali
no_gaali__269.wav,2.0,1,no_gaali
no_gaali__1299.wav,1.0,1,no_gaali
no_gaali__194.wav,0.9386875,1,no_gaali
no_gaali__477.wav,2.0,1,no_gaali
no_gaali__865.wav,1.0,1,no_gaali
no_gaali__1021.wav,1.0,1,no_gaali
no_gaali__42.wav,2.0,1,no_gaali
no_gaali__502.wav,2.0,1,no_gaali
no_gaali__68.wav,1.0,1,no_gaali
no_gaali__261.wav,2.0,1,no_gaali
no_gaali__1385.wav,1.0,1,no_gaali
no_gaali__1086.wav,2.0,1,no_gaali
no_gaali__1262.wav,2.0,1,no_gaali
no_gaali__339.wav,2.0,1,no_gaali
no_gaali__637.wav,2.0,1,no_gaali
no_gaali__1042.wav,1.0,1,no_gaali
no_gaali__1316.wav,2.0,1,no_gaali
no_gaali__549.wav,1.0,1,no_gaali
no_gaali__1215.wav,2.0,1,no_gaali
no_gaali__1350.wav,2.0,1,no_gaali
no_gaali__543.wav,2.0,1,no_gaali
no_gaali__747.wav,2.0,1,no_gaali
no_gaali__1324.wav,2.0,1,no_gaali
no_gaali__218.wav,1.0,1,no_gaali
no_gaali__1131.wav,1.0,1,no_gaali
no_gaali__797.wav,2.0,1,no_gaali
no_gaali__226.wav,2.0,1,no_gaali
no_gaali__1264.wav,1.0,1,no_gaali
no_gaali__79.wav,2.0,1,no_gaali
no_gaali__1005.wav,2.0,1,no_gaali
no_gaali__285.wav,1.0,1,no_gaali
no_gaali__96.wav,2.0,1,no_gaali
no_gaali__1157.wav,1.0,1,no_gaali
no_gaali__741.wav,2.0,1,no_gaali
no_gaali__941.wav,2.0,1,no_gaali
no_gaali__191.wav,2.0,1,no_gaali
no_gaali__570.wav,2.0,1,no_gaali
no_gaali__725.wav,2.0,1,no_gaali
no_gaali__149.wav,0.5973125,1,no_gaali
no_gaali__267.wav,1.0,1,no_gaali
no_gaali__1228.wav,2.0,1,no_gaali
no_gaali__424.wav,2.0,1,no_gaali
no_gaali__357.wav,2.0,1,no_gaali
no_gaali__935.wav,1.0,1,no_gaali
no_gaali__338.wav,2.0,1,no_gaali
no_gaali__505.wav,2.0,1,no_gaali
no_gaali__351.wav,2.0,1,no_gaali
no_gaali__1106.wav,2.0,1,no_gaali
no_gaali__1373.wav,1.0,1,no_gaali
no_gaali__256.wav,2.0,1,no_gaali
no_gaali__813.wav,2.0,1,no_gaali
no_gaali__257.wav,2.0,1,no_gaali
no_gaali__951.wav,1.0,1,no_gaali
no_gaali__401.wav,2.0,1,no_gaali
no_gaali__1325.wav,2.0,1,no_gaali
no_gaali__113.wav,2.0,1,no_gaali
no_gaali__1026.wav,1.0,1,no_gaali
no_gaali__242.wav,2.0,1,no_gaali
no_gaali__325.wav,2.0,1,no_gaali
no_gaali__830.wav,2.0,1,no_gaali
no_gaali__1122.wav,1.0,1,no_gaali
no_gaali__1322.wav,2.0,1,no_gaali
no_gaali__1315.wav,1.0,1,no_gaali
no_gaali__370.wav,0.8359375,1,no_gaali
no_gaali__35.wav,2.0,1,no_gaali
no_gaali__478.wav,2.0,1,no_gaali
no_gaali__781.wav,1.0,1,no_gaali
no_gaali__380.wav,2.0,1,no_gaali
no_gaali__331.wav,1.0,1,no_gaali
no_gaali__1012.wav,1.0,1,no_gaali
no_gaali__994.wav,2.0,1,no_gaali
no_gaali__497.wav,2.0,1,no_gaali
no_gaali__1102.wav,2.0,1,no_gaali
no_gaali__1174.wav,2.0,1,no_gaali
no_gaali__344.wav,1.0,1,no_gaali
no_gaali__628.wav,2.0,1,no_gaali
no_gaali__694.wav,2.0,1,no_gaali
no_gaali__999.wav,2.0,1,no_gaali
no_gaali__138.wav,0.464375,1,no_gaali
no_gaali__1056.wav,2.0,1,no_gaali
no_gaali__1282.wav,2.0,1,no_gaali
no_gaali__584.wav,2.0,1,no_gaali
no_gaali__278.wav,1.0,1,no_gaali
no_gaali__591.wav,2.0,1,no_gaali
no_gaali__843.wav,1.0,1,no_gaali
no_gaali__579.wav,2.0,1,no_gaali
no_gaali__66.wav,1.0,1,no_gaali
no_gaali__734.wav,2.0,1,no_gaali
no_gaali__905.wav,2.0,1,no_gaali
no_gaali__382.wav,1.0,1,no_gaali
no_gaali__686.wav,1.0,1,no_gaali
no_gaali__1233.wav,1.0,1,no_gaali
no_gaali__684.wav,1.0,1,no_gaali
no_gaali__40.wav,1.0,1,no_gaali
no_gaali__1226.wav,1.0,1,no_gaali
no_gaali__1044.wav,1.0,1,no_gaali
no_gaali__1079.wav,2.0,1,no_gaali
no_gaali__44.wav,2.0,1,no_gaali
no_gaali__542.wav,1.0,1,no_gaali
no_gaali__1018.wav,1.0,1,no_gaali
no_gaali__1337.wav,2.0,1,no_gaali
no_gaali__333.wav,2.0,1,no_gaali
no_gaali__274.wav,2.0,1,no_gaali
no_gaali__669.wav,1.0,1,no_gaali
no_gaali__692.wav,1.0,1,no_gaali
no_gaali__574.wav,2.0,1,no_gaali
no_gaali__1377.wav,2.0,1,no_gaali
no_gaali__164.wav,2.0,1,no_gaali
no_gaali__803.wav,2.0,1,no_gaali
no_gaali__1175.wav,1.0,1,no_gaali
no_gaali__1037.wav,1.0,1,no_gaali
no_gaali__14.wav,1.0,1,no_gaali
no_gaali__1049.wav,2.0,1,no_gaali
no_gaali__332.wav,1.0,1,no_gaali
no_gaali__309.wav,2.0,1,no_gaali
no_gaali__1149.wav,2.0,1,no_gaali
no_gaali__882.wav,1.0,1,no_gaali
no_gaali__603.wav,1.0,1,no_gaali
no_gaali__528.wav,1.0,1,no_gaali
no_gaali__90.wav,2.0,1,no_gaali
no_gaali__620.wav,1.0,1,no_gaali
no_gaali__1098.wav,2.0,1,no_gaali
no_gaali__455.wav,1.0,1,no_gaali
no_gaali__817.wav,1.0,1,no_gaali
no_gaali__887.wav,2.0,1,no_gaali
no_gaali__811.wav,2.0,1,no_gaali
no_gaali__343.wav,2.0,1,no_gaali
no_gaali__312.wav,2.0,1,no_gaali
no_gaali__656.wav,2.0,1,no_gaali
no_gaali__617.wav,1.0,1,no_gaali
no_gaali__1241.wav,1.0,1,no_gaali
no_gaali__181.wav,2.0,1,no_gaali
no_gaali__911.wav,2.0,1,no_gaali
no_gaali__1031.wav,2.0,1,no_gaali
no_gaali__447.wav,1.0,1,no_gaali
no_gaali__768.wav,2.0,1,no_gaali
no_gaali__977.wav,1.0,1,no_gaali
no_gaali__159.wav,2.0,1,no_gaali
no_gaali__1344.wav,2.0,1,no_gaali
no_gaali__85.wav,2.0,1,no_gaali
no_gaali__980.wav,0.97525,1,no_gaali
no_gaali__786.wav,2.0,1,no_gaali
no_gaali__774.wav,2.0,1,no_gaali
no_gaali__585.wav,2.0,1,no_gaali
no_gaali__179.wav,2.0,1,no_gaali
no_gaali__160.wav,2.0,1,no_gaali
no_gaali__62.wav,2.0,1,no_gaali
no_gaali__405.wav,2.0,1,no_gaali
no_gaali__612.wav,0.6965625,1,no_gaali
no_gaali__64.wav,2.0,1,no_gaali
no_gaali__1279.wav,1.0,1,no_gaali
no_gaali__808.wav,2.0,1,no_gaali
no_gaali__942.wav,2.0,1,no_gaali
no_gaali__411.wav,2.0,1,no_gaali
no_gaali__835.wav,2.0,1,no_gaali
no_gaali__557.wav,1.0,1,no_gaali
no_gaali__384.wav,2.0,1,no_gaali
no_gaali__36.wav,2.0,1,no_gaali
no_gaali__1336.wav,1.0,1,no_gaali
no_gaali__924.wav,2.0,1,no_gaali
no_gaali__950.wav,2.0,1,no_gaali
no_gaali__823.wav,2.0,1,no_gaali
no_gaali__1289.wav,1.0,1,no_gaali
no_gaali__410.wav,2.0,1,no_gaali
no_gaali__515.wav,2.0,1,no_gaali
no_gaali__20.wav,1.0,1,no_gaali
no_gaali__963.wav,2.0,1,no_gaali
no_gaali__780.wav,1.0,1,no_gaali
no_gaali__253.wav,1.0,1,no_gaali
no_gaali__137.wav,1.0,1,no_gaali
no_gaali__1064.wav,1.0,1,no_gaali
no_gaali__1300.wav,1.0,1,no_gaali
no_gaali__119.wav,2.0,1,no_gaali
no_gaali__578.wav,2.0,1,no_gaali
no_gaali__432.wav,1.0,1,no_gaali
no_gaali__794.wav,2.0,1,no_gaali
no_gaali__658.wav,2.0,1,no_gaali
no_gaali__559.wav,2.0,1,no_gaali
no_gaali__856.wav,1.0,1,no_gaali
no_gaali__170.wav,1.0,1,no_gaali
no_gaali__272.wav,2.0,1,no_gaali
no_gaali__417.wav,2.0,1,no_gaali
no_gaali__377.wav,2.0,1,no_gaali
no_gaali__250.wav,2.0,1,no_gaali
no_gaali__1059.wav,2.0,1,no_gaali
no_gaali__1232.wav,2.0,1,no_gaali
no_gaali__1002.wav,1.0,1,no_gaali
no_gaali__582.wav,1.0,1,no_gaali
no_gaali__804.wav,2.0,1,no_gaali
no_gaali__459.wav,2.0,1,no_gaali
no_gaali__699.wav,1.0,1,no_gaali
no_gaali__15.wav,1.0,1,no_gaali
no_gaali__275.wav,1.0,1,no_gaali
no_gaali__95.wav,1.0,1,no_gaali
no_gaali__568.wav,2.0,1,no_gaali
no_gaali__1273.wav,1.0,1,no_gaali
no_gaali__369.wav,2.0,1,no_gaali
no_gaali__298.wav,2.0,1,no_gaali
no_gaali__233.wav,2.0,1,no_gaali
no_gaali__37.wav,2.0,1,no_gaali
no_gaali__31.wav,2.0,1,no_gaali
no_gaali__671.wav,1.0,1,no_gaali
no_gaali__1198.wav,1.0,1,no_gaali
no_gaali__897.wav,2.0,1,no_gaali
no_gaali__597.wav,2.0,1,no_gaali
no_gaali__833.wav,1.0,1,no_gaali
no_gaali__1091.wav,1.0,1,no_gaali
no_gaali__618.wav,2.0,1,no_gaali
no_gaali__743.wav,2.0,1,no_gaali
no_gaali__536.wav,1.0,1,no_gaali
no_gaali__927.wav,2.0,1,no_gaali
no_gaali__32.wav,1.0,1,no_gaali
no_gaali__1294.wav,2.0,1,no_gaali
no_gaali__279.wav,2.0,1,no_gaali
no_gaali__453.wav,2.0,1,no_gaali
no_gaali__506.wav,2.0,1,no_gaali
no_gaali__1055.wav,1.0,1,no_gaali
no_gaali__874.wav,2.0,1,no_gaali
no_gaali__889.wav,2.0,1,no_gaali
no_gaali__479.wav,1.0,1,no_gaali
no_gaali__720.wav,2.0,1,no_gaali
no_gaali__682.wav,1.0,1,no_gaali
no_gaali__1115.wav,1.0,1,no_gaali
no_gaali__1231.wav,2.0,1,no_gaali
no_gaali__446.wav,1.0,1,no_gaali
no_gaali__1389.wav,2.0,1,no_gaali
no_gaali__1253.wav,1.0,1,no_gaali
no_gaali__964.wav,2.0,1,no_gaali
no_gaali__892.wav,1.0,1,no_gaali
no_gaali__210.wav,1.0,1,no_gaali
no_gaali__538.wav,0.810625,1,no_gaali
no_gaali__1082.wav,2.0,1,no_gaali
no_gaali__500.wav,2.0,1,no_gaali
no_gaali__1333.wav,2.0,1,no_gaali
no_gaali__616.wav,1.0,1,no_gaali
no_gaali__1183.wav,1.0,1,no_gaali
no_gaali__566.wav,2.0,1,no_gaali
no_gaali__1244.wav,1.0,1,no_gaali
no_gaali__186.wav,2.0,1,no_gaali
no_gaali__1047.wav,2.0,1,no_gaali
no_gaali__1370.wav,2.0,1,no_gaali
no_gaali__289.wav,1.0,1,no_gaali
no_gaali__153.wav,2.0,1,no_gaali
no_gaali__983.wav,1.0,1,no_gaali
no_gaali__1254.wav,2.0,1,no_gaali
no_gaali__1161.wav,1.0,1,no_gaali
no_gaali__258.wav,2.0,1,no_gaali
no_gaali__1243.wav,2.0,1,no_gaali
no_gaali__900.wav,2.0,1,no_gaali
no_gaali__651.wav,0.882375,1,no_gaali
no_gaali__613.wav,2.0,1,no_gaali
no_gaali__389.wav,2.0,1,no_gaali
no_gaali__1375.wav,2.0,1,no_gaali
no_gaali__642.wav,2.0,1,no_gaali
no_gaali__685.wav,2.0,1,no_gaali
no_gaali__1276.wav,2.0,1,no_gaali
no_gaali__710.wav,2.0,1,no_gaali
no_gaali__1372.wav,2.0,1,no_gaali
no_gaali__1386.wav,2.0,1,no_gaali
no_gaali__840.wav,2.0,1,no_gaali
no_gaali__1177.wav,2.0,1,no_gaali
no_gaali__1249.wav,2.0,1,no_gaali
no_gaali__676.wav,2.0,1,no_gaali
no_gaali__547.wav,2.0,1,no_gaali
no_gaali__1286.wav,1.0,1,no_gaali
no_gaali__355.wav,1.0,1,no_gaali
no_gaali__605.wav,2.0,1,no_gaali
no_gaali__645.wav,1.0,1,no_gaali
no_gaali__696.wav,2.0,1,no_gaali
no_gaali__1022.wav,2.0,1,no_gaali
no_gaali__839.wav,2.0,1,no_gaali
no_gaali__567.wav,2.0,1,no_gaali
no_gaali__966.wav,1.0,1,no_gaali
no_gaali__1201.wav,2.0,1,no_gaali
no_gaali__464.wav,1.0,1,no_gaali
no_gaali__615.wav,2.0,1,no_gaali
no_gaali__297.wav,2.0,1,no_gaali
no_gaali__1302.wav,2.0,1,no_gaali
no_gaali__572.wav,2.0,1,no_gaali
no_gaali__1172.wav,2.0,1,no_gaali
no_gaali__903.wav,1.0,1,no_gaali
no_gaali__749.wav,1.0,1,no_gaali
no_gaali__346.wav,2.0,1,no_gaali
no_gaali__532.wav,1.0,1,no_gaali
no_gaali__393.wav,2.0,1,no_gaali
no_gaali__1320.wav,1.0,1,no_gaali
no_gaali__978.wav,2.0,1,no_gaali
no_gaali__884.wav,1.0,1,no_gaali
no_gaali__277.wav,1.0,1,no_gaali
no_gaali__1038.wav,1.0,1,no_gaali
no_gaali__52.wav,1.0,1,no_gaali
no_gaali__195.wav,0.9386875,1,no_gaali
no_gaali__1173.wav,2.0,1,no_gaali
no_gaali__1169.wav,1.0,1,no_gaali
no_gaali__251.wav,2.0,1,no_gaali
no_gaali__1011.wav,1.0,1,no_gaali
no_gaali__155.wav,2.0,1,no_gaali
no_gaali__105.wav,2.0,1,no_gaali
no_gaali__130.wav,1.0,1,no_gaali
no_gaali__379.wav,1.0,1,no_gaali
no_gaali__1306.wav,2.0,1,no_gaali
no_gaali__896.wav,2.0,1,no_gaali
no_gaali__733.wav,1.0,1,no_gaali
no_gaali__770.wav,2.0,1,no_gaali
no_gaali__1335.wav,2.0,1,no_gaali
no_gaali__700.wav,1.0,1,no_gaali
no_gaali__407.wav,2.0,1,no_gaali
no_gaali__632.wav,2.0,1,no_gaali
no_gaali__38.wav,0.896,1,no_gaali
no_gaali__1332.wav,1.0,1,no_gaali
no_gaali__114.wav,1.0,1,no_gaali
no_gaali__132.wav,2.0,1,no_gaali
no_gaali__765.wav,1.0,1,no_gaali
no_gaali__599.wav,2.0,1,no_gaali
no_gaali__788.wav,2.0,1,no_gaali
no_gaali__946.wav,2.0,1,no_gaali
no_gaali__580.wav,2.0,1,no_gaali
no_gaali__1221.wav,2.0,1,no_gaali
no_gaali__319.wav,1.0,1,no_gaali
no_gaali__1206.wav,2.0,1,no_gaali
no_gaali__1109.wav,0.8359375,1,no_gaali
no_gaali__240.wav,2.0,1,no_gaali
no_gaali__280.wav,0.6965625,1,no_gaali
no_gaali__523.wav,2.0,1,no_gaali
no_gaali__783.wav,2.0,1,no_gaali
no_gaali__736.wav,1.0,1,no_gaali
no_gaali__493.wav,2.0,1,no_gaali
no_gaali__17.wav,2.0,1,no_gaali
no_gaali__248.wav,2.0,1,no_gaali
no_gaali__310.wav,1.0,1,no_gaali
no_gaali__1041.wav,1.0,1,no_gaali
no_gaali__604.wav,1.0,1,no_gaali
no_gaali__427.wav,2.0,1,no_gaali
no_gaali__329.wav,2.0,1,no_gaali
no_gaali__1070.wav,2.0,1,no_gaali
no_gaali__154.wav,2.0,1,no_gaali
no_gaali__693.wav,1.0,1,no_gaali
no_gaali__539.wav,2.0,1,no_gaali
no_gaali__23.wav,2.0,1,no_gaali
no_gaali__629.wav,1.0,1,no_gaali
no_gaali__1099.wav,2.0,1,no_gaali
no_gaali__1309.wav,2.0,1,no_gaali
no_gaali__871.wav,1.0,1,no_gaali
no_gaali__920.wav,2.0,1,no_gaali
no_gaali__239.wav,1.0,1,no_gaali
no_gaali__173.wav,1.0,1,no_gaali
no_gaali__454.wav,2.0,1,no_gaali
no_gaali__1015.wav,2.0,1,no_gaali
no_gaali__22.wav,1.0,1,no_gaali
no_gaali__677.wav,2.0,1,no_gaali
no_gaali__1267.wav,2.0,1,no_gaali
no_gaali__193.wav,2.0,1,no_gaali
no_gaali__1195.wav,2.0,1,no_gaali
no_gaali__1329.wav,2.0,1,no_gaali
no_gaali__625.wav,2.0,1,no_gaali
no_gaali__1237.wav,1.0,1,no_gaali
no_gaali__906.wav,0.9386875,1,no_gaali
no_gaali__1259.wav,2.0,1,no_gaali
no_gaali__761.wav,2.0,1,no_gaali
no_gaali__1317.wav,2.0,1,no_gaali
no_gaali__1140.wav,2.0,1,no_gaali
no_gaali__76.wav,1.0,1,no_gaali
no_gaali__907.wav,1.0,1,no_gaali
no_gaali__1039.wav,2.0,1,no_gaali
no_gaali__968.wav,2.0,1,no_gaali
no_gaali__1137.wav,0.743,1,no_gaali
no_gaali__864.wav,1.0,1,no_gaali
no_gaali__1214.wav,1.0,1,no_gaali
no_gaali__70.wav,2.0,1,no_gaali
no_gaali__476.wav,0.938625,1,no_gaali
no_gaali__981.wav,1.0,1,no_gaali
no_gaali__25.wav,2.0,1,no_gaali
no_gaali__21.wav,2.0,1,no_gaali
no_gaali__467.wav,1.0,1,no_gaali
no_gaali__1065.wav,1.0,1,no_gaali
no_gaali__1352.wav,2.0,1,no_gaali
no_gaali__1382.wav,1.0,1,no_gaali
no_gaali__350.wav,1.0,1,no_gaali
no_gaali__439.wav,2.0,1,no_gaali
no_gaali__78.wav,1.0,1,no_gaali
no_gaali__800.wav,1.0,1,no_gaali
no_gaali__449.wav,2.0,1,no_gaali
no_gaali__1342.wav,2.0,1,no_gaali
no_gaali__471.wav,2.0,1,no_gaali
no_gaali__1074.wav,2.0,1,no_gaali
no_gaali__507.wav,2.0,1,no_gaali
no_gaali__659.wav,2.0,1,no_gaali
no_gaali__1301.wav,1.0,1,no_gaali
no_gaali__899.wav,1.0,1,no_gaali
no_gaali__1305.wav,2.0,1,no_gaali
no_gaali__395.wav,1.0,1,no_gaali
no_gaali__919.wav,2.0,1,no_gaali
no_gaali__43.wav,2.0,1,no_gaali
no_gaali__779.wav,2.0,1,no_gaali
no_gaali__1207.wav,2.0,1,no_gaali
no_gaali__607.wav,2.0,1,no_gaali
no_gaali__956.wav,1.0,1,no_gaali
no_gaali__359.wav,2.0,1,no_gaali
no_gaali__1326.wav,2.0,1,no_gaali
no_gaali__729.wav,2.0,1,no_gaali
no_gaali__429.wav,1.0,1,no_gaali
no_gaali__949.wav,1.0,1,no_gaali
no_gaali__987.wav,1.0,1,no_gaali
no_gaali__213.wav,1.0,1,no_gaali
no_gaali__1176.wav,1.0,1,no_gaali
no_gaali__546.wav,2.0,1,no_gaali
no_gaali__1238.wav,2.0,1,no_gaali
no_gaali__875.wav,1.0,1,no_gaali
no_gaali__74.wav,1.0,1,no_gaali
no_gaali__1212.wav,2.0,1,no_gaali
no_gaali__1143.wav,2.0,1,no_gaali
no_gaali__936.wav,1.0,1,no_gaali
no_gaali__1381.wav,1.0,1,no_gaali
no_gaali__94.wav,1.0,1,no_gaali
no_gaali__1218.wav,1.0,1,no_gaali
no_gaali__400.wav,2.0,1,no_gaali
no_gaali__1105.wav,1.0,1,no_gaali
no_gaali__1274.wav,2.0,1,no_gaali
no_gaali__1256.wav,1.0,1,no_gaali
no_gaali__1008.wav,1.0,1,no_gaali
no_gaali__433.wav,1.0,1,no_gaali
no_gaali__745.wav,1.0,1,no_gaali
no_gaali__406.wav,2.0,1,no_gaali
no_gaali__624.wav,2.0,1,no_gaali
no_gaali__1239.wav,2.0,1,no_gaali
no_gaali__1191.wav,2.0,1,no_gaali
no_gaali__1245.wav,1.0,1,no_gaali
no_gaali__1384.wav,1.0,1,no_gaali
no_gaali__33.wav,2.0,1,no_gaali
no_gaali__1004.wav,2.0,1,no_gaali
no_gaali__197.wav,2.0,1,no_gaali
no_gaali__123.wav,1.0,1,no_gaali
no_gaali__697.wav,2.0,1,no_gaali
no_gaali__366.wav,1.0,1,no_gaali
no_gaali__127.wav,0.8106875,1,no_gaali
no_gaali__184.wav,1.0,1,no_gaali
no_gaali__819.wav,1.0,1,no_gaali
no_gaali__687.wav,1.0,1,no_gaali
no_gaali__283.wav,2.0,1,no_gaali
no_gaali__562.wav,2.0,1,no_gaali
no_gaali__262.wav,1.0,1,no_gaali
no_gaali__1071.wav,1.0,1,no_gaali
no_gaali__789.wav,1.0,1,no_gaali
no_gaali__313.wav,0.7894375,1,no_gaali
no_gaali__595.wav,2.0,1,no_gaali
no_gaali__767.wav,2.0,1,no_gaali
no_gaali__945.wav,2.0,1,no_gaali
no_gaali__98.wav,2.0,1,no_gaali
no_gaali__420.wav,2.0,1,no_gaali
no_gaali__67.wav,1.0,1,no_gaali
no_gaali__175.wav,2.0,1,no_gaali
no_gaali__862.wav,2.0,1,no_gaali
no_gaali__1361.wav,2.0,1,no_gaali
no_gaali__489.wav,2.0,1,no_gaali
no_gaali__381.wav,1.0,1,no_gaali
no_gaali__646.wav,1.0,1,no_gaali
no_gaali__1360.wav,1.0,1,no_gaali
no_gaali__1209.wav,1.0,1,no_gaali
no_gaali__292.wav,1.0,1,no_gaali
no_gaali__1307.wav,2.0,1,no_gaali
no_gaali__598.wav,2.0,1,no_gaali
no_gaali__759.wav,2.0,1,no_gaali
no_gaali__600.wav,2.0,1,no_gaali
no_gaali__145.wav,1.0,1,no_gaali
no_gaali__1124.wav,2.0,1,no_gaali
no_gaali__1388.wav,1.0,1,no_gaali
no_gaali__1291.wav,2.0,1,no_gaali
no_gaali__112.wav,2.0,1,no_gaali
no_gaali__858.wav,1.0,1,no_gaali
no_gaali__501.wav,2.0,1,no_gaali
no_gaali__293.wav,1.0,1,no_gaali
no_gaali__188.wav,1.0,1,no_gaali
no_gaali__206.wav,2.0,1,no_gaali
no_gaali__986.wav,2.0,1,no_gaali
no_gaali__675.wav,1.0,1,no_gaali
no_gaali__1348.wav,1.0,1,no_gaali
no_gaali__594.wav,2.0,1,no_gaali
no_gaali__349.wav,1.0,1,no_gaali
no_gaali__1164.wav,2.0,1,no_gaali
no_gaali__200.wav,1.0,1,no_gaali
no_gaali__971.wav,1.0,1,no_gaali
no_gaali__1151.wav,1.0,1,no_gaali
no_gaali__707.wav,2.0,1,no_gaali
no_gaali__1187.wav,2.0,1,no_gaali
no_gaali__1362.wav,1.0,1,no_gaali
no_gaali__1156.wav,2.0,1,no_gaali
no_gaali__535.wav,2.0,1,no_gaali
no_gaali__691.wav,2.0,1,no_gaali
no_gaali__1379.wav,2.0,1,no_gaali
no_gaali__224.wav,2.0,1,no_gaali
no_gaali__933.wav,2.0,1,no_gaali
no_gaali__560.wav,2.0,1,no_gaali
no_gaali__1063.wav,1.0,1,no_gaali
no_gaali__27.wav,1.0,1,no_gaali
no_gaali__77.wav,2.0,1,no_gaali
no_gaali__530.wav,1.0,1,no_gaali
no_gaali__551.wav,2.0,1,no_gaali
no_gaali__457.wav,2.0,1,no_gaali
no_gaali__1330.wav,2.0,1,no_gaali
no_gaali__314.wav,1.0,1,no_gaali
no_gaali__943.wav,1.0,1,no_gaali
no_gaali__1019.wav,1.0,1,no_gaali
no_gaali__807.wav,1.0,1,no_gaali
no_gaali__953.wav,2.0,1,no_gaali
no_gaali__414.wav,1.0,1,no_gaali
no_gaali__648.wav,1.0,1,no_gaali
no_gaali__876.wav,1.0,1,no_gaali
no_gaali__744.wav,2.0,1,no_gaali
no_gaali__1076.wav,2.0,1,no_gaali
no_gaali__84.wav,1.0,1,no_gaali
no_gaali__984.wav,2.0,1,no_gaali
no_gaali__59.wav,1.0,1,no_gaali
no_gaali__367.wav,1.0,1,no_gaali
no_gaali__674.wav,1.0,1,no_gaali
no_gaali__1260.wav,0.9386875,1,no_gaali
no_gaali__1058.wav,2.0,1,no_gaali
no_gaali__342.wav,1.0,1,no_gaali
no_gaali__492.wav,2.0,1,no_gaali
no_gaali__157.wav,1.0,1,no_gaali
no_gaali__1354.wav,2.0,1,no_gaali
no_gaali__1290.wav,2.0,1,no_gaali
no_gaali__1013.wav,1.0,1,no_gaali
no_gaali__838.wav,2.0,1,no_gaali
no_gaali__809.wav,1.0,1,no_gaali
no_gaali__1136.wav,1.0,1,no_gaali
no_gaali__1003.wav,2.0,1,no_gaali
no_gaali__273.wav,1.0,1,no_gaali
no_gaali__1085.wav,2.0,1,no_gaali
no_gaali__1248.wav,1.0,1,no_gaali
no_gaali__71.wav,2.0,1,no_gaali
no_gaali__419.wav,1.0,1,no_gaali
no_gaali__1088.wav,2.0,1,no_gaali
no_gaali__1210.wav,2.0,1,no_gaali
no_gaali__30.wav,2.0,1,no_gaali
no_gaali__661.wav,2.0,1,no_gaali
no_gaali__845.wav,2.0,1,no_gaali
no_gaali__1303.wav,2.0,1,no_gaali
no_gaali__1062.wav,1.0,1,no_gaali
no_gaali__756.wav,2.0,1,no_gaali
no_gaali__143.wav,2.0,1,no_gaali
no_gaali__1204.wav,1.0,1,no_gaali
no_gaali__372.wav,1.0,1,no_gaali
no_gaali__140.wav,2.0,1,no_gaali
no_gaali__144.wav,2.0,1,no_gaali
no_gaali__1000.wav,2.0,1,no_gaali
no_gaali__1252.wav,1.0,1,no_gaali
no_gaali__1108.wav,2.0,1,no_gaali
no_gaali__1328.wav,1.0,1,no_gaali
no_gaali__1117.wav,2.0,1,no_gaali
no_gaali__990.wav,1.0,1,no_gaali
no_gaali__212.wav,2.0,1,no_gaali
no_gaali__317.wav,2.0,1,no_gaali
no_gaali__390.wav,2.0,1,no_gaali
no_gaali__287.wav,2.0,1,no_gaali
no_gaali__371.wav,2.0,1,no_gaali
no_gaali__207.wav,1.0,1,no_gaali
no_gaali__798.wav,1.0,1,no_gaali
no_gaali__593.wav,1.0,1,no_gaali
no_gaali__886.wav,2.0,1,no_gaali
no_gaali__1311.wav,2.0,1,no_gaali
no_gaali__713.wav,1.0,1,no_gaali
no_gaali__880.wav,2.0,1,no_gaali
no_gaali__940.wav,2.0,1,no_gaali
no_gaali__960.wav,2.0,1,no_gaali
no_gaali__564.wav,1.0,1,no_gaali
no_gaali__650.wav,1.0,1,no_gaali
no_gaali__1220.wav,2.0,1,no_gaali
no_gaali__1366.wav,1.0,1,no_gaali
no_gaali__954.wav,2.0,1,no_gaali
no_gaali__647.wav,1.0,1,no_gaali
no_gaali__89.wav,2.0,1,no_gaali
no_gaali__701.wav,2.0,1,no_gaali
no_gaali__323.wav,1.0,1,no_gaali
no_gaali__1078.wav,2.0,1,no_gaali
no_gaali__202.wav,2.0,1,no_gaali
no_gaali__56.wav,1.0,1,no_gaali
no_gaali__885.wav,2.0,1,no_gaali
no_gaali__1030.wav,2.0,1,no_gaali
no_gaali__825.wav,1.0,1,no_gaali
no_gaali__683.wav,1.0,1,no_gaali
no_gaali__1009.wav,2.0,1,no_gaali
no_gaali__746.wav,2.0,1,no_gaali
no_gaali__219.wav,2.0,1,no_gaali
no_gaali__490.wav,1.0,1,no_gaali
no_gaali__2.wav,1.0,1,no_gaali
no_gaali__402.wav,1.0,1,no_gaali
no_gaali__957.wav,1.0,1,no_gaali
no_gaali__1219.wav,2.0,1,no_gaali
no_gaali__222.wav,1.0,1,no_gaali
no_gaali__895.wav,2.0,1,no_gaali
no_gaali__944.wav,1.0,1,no_gaali
no_gaali__1141.wav,0.7466875,1,no_gaali
no_gaali__997.wav,2.0,1,no_gaali
no_gaali__1280.wav,1.0,1,no_gaali
no_gaali__5.wav,1.0,1,no_gaali
no_gaali__445.wav,1.0,1,no_gaali
no_gaali__203.wav,1.0,1,no_gaali
no_gaali__588.wav,1.0,1,no_gaali
no_gaali__290.wav,0.938625,1,no_gaali
no_gaali__771.wav,2.0,1,no_gaali
no_gaali__116.wav,0.9813125,1,no_gaali
no_gaali__1006.wav,2.0,1,no_gaali
no_gaali__386.wav,1.0,1,no_gaali
no_gaali__879.wav,2.0,1,no_gaali
no_gaali__167.wav,2.0,1,no_gaali
no_gaali__652.wav,1.0,1,no_gaali
no_gaali__527.wav,1.0,1,no_gaali
no_gaali__403.wav,2.0,1,no_gaali
no_gaali__208.wav,1.0,1,no_gaali
no_gaali__1334.wav,2.0,1,no_gaali
no_gaali__611.wav,2.0,1,no_gaali
no_gaali__810.wav,1.0,1,no_gaali
no_gaali__227.wav,1.0,1,no_gaali
no_gaali__150.wav,2.0,1,no_gaali
no_gaali__730.wav,2.0,1,no_gaali
no_gaali__306.wav,2.0,1,no_gaali
no_gaali__110.wav,2.0,1,no_gaali
no_gaali__757.wav,2.0,1,no_gaali
no_gaali__577.wav,1.0,1,no_gaali
no_gaali__773.wav,2.0,1,no_gaali
no_gaali__1024.wav,0.896,1,no_gaali
no_gaali__1312.wav,2.0,1,no_gaali
no_gaali__667.wav,0.5973125,1,no_gaali
no_gaali__354.wav,2.0,1,no_gaali
no_gaali__1178.wav,1.0,1,no_gaali
no_gaali__1170.wav,2.0,1,no_gaali
no_gaali__928.wav,2.0,1,no_gaali
no_gaali__1393.wav,2.0,1,no_gaali
no_gaali__1095.wav,2.0,1,no_gaali
no_gaali__375.wav,1.0,1,no_gaali
no_gaali__820.wav,2.0,1,no_gaali
no_gaali__1295.wav,0.9813125,1,no_gaali
no_gaali__898.wav,1.0,1,no_gaali
no_gaali__1052.wav,2.0,1,no_gaali
no_gaali__947.wav,1.0,1,no_gaali
no_gaali__1205.wav,2.0,1,no_gaali
no_gaali__422.wav,0.97525,1,no_gaali
no_gaali__702.wav,1.0,1,no_gaali
no_gaali__575.wav,1.0,1,no_gaali
no_gaali__1090.wav,1.0,1,no_gaali
no_gaali__548.wav,1.0,1,no_gaali
no_gaali__49.wav,1.0,1,no_gaali
no_gaali__806.wav,1.0,1,no_gaali
no_gaali__512.wav,2.0,1,no_gaali
no_gaali__1113.wav,1.0,1,no_gaali
no_gaali__716.wav,1.0,1,no_gaali
no_gaali__487.wav,1.0,1,no_gaali
no_gaali__1135.wav,2.0,1,no_gaali
no_gaali__816.wav,1.0,1,no_gaali
no_gaali__769.wav,2.0,1,no_gaali
no_gaali__231.wav,1.0,1,no_gaali
no_gaali__388.wav,2.0,1,no_gaali
no_gaali__6.wav,2.0,1,no_gaali
no_gaali__668.wav,2.0,1,no_gaali
no_gaali__318.wav,2.0,1,no_gaali
no_gaali__829.wav,2.0,1,no_gaali
no_gaali__260.wav,2.0,1,no_gaali
no_gaali__1001.wav,2.0,1,no_gaali
no_gaali__827.wav,2.0,1,no_gaali
no_gaali__72.wav,1.0,1,no_gaali
no_gaali__189.wav,1.0,1,no_gaali
no_gaali__80.wav,2.0,1,no_gaali
no_gaali__1093.wav,2.0,1,no_gaali
no_gaali__141.wav,1.0,1,no_gaali
no_gaali__790.wav,1.0,1,no_gaali
no_gaali__818.wav,1.0,1,no_gaali
no_gaali__634.wav,1.0,1,no_gaali
no_gaali__495.wav,2.0,1,no_gaali
no_gaali__1327.wav,0.810625,1,no_gaali
no_gaali__259.wav,2.0,1,no_gaali
no_gaali__872.wav,2.0,1,no_gaali
no_gaali__1319.wav,2.0,1,no_gaali
no_gaali__1023.wav,2.0,1,no_gaali
no_gaali__166.wav,2.0,1,no_gaali
no_gaali__337.wav,1.0,1,no_gaali
no_gaali__16.wav,1.0,1,no_gaali
no_gaali__398.wav,2.0,1,no_gaali
no_gaali__1163.wav,1.0,1,no_gaali
no_gaali__109.wav,1.0,1,no_gaali
no_gaali__19.wav,2.0,1,no_gaali
no_gaali__100.wav,1.0,1,no_gaali
no_gaali__322.wav,1.0,1,no_gaali
no_gaali__1046.wav,2.0,1,no_gaali
no_gaali__365.wav,1.0,1,no_gaali
no_gaali__1061.wav,1.0,1,no_gaali
no_gaali__1077.wav,2.0,1,no_gaali
no_gaali__484.wav,2.0,1,no_gaali
no_gaali__1227.wav,2.0,1,no_gaali
no_gaali__973.wav,2.0,1,no_gaali
no_gaali__1293.wav,1.0,1,no_gaali
no_gaali__952.wav,2.0,1,no_gaali
no_gaali__1364.wav,2.0,1,no_gaali
no_gaali__1166.wav,2.0,1,no_gaali
no_gaali__526.wav,1.0,1,no_gaali
no_gaali__785.wav,1.0,1,no_gaali
no_gaali__75.wav,1.0,1,no_gaali
no_gaali__923.wav,2.0,1,no_gaali
no_gaali__328.wav,2.0,1,no_gaali
no_gaali__1188.wav,2.0,1,no_gaali
no_gaali__1266.wav,1.0,1,no_gaali
no_gaali__282.wav,2.0,1,no_gaali
no_gaali__340.wav,2.0,1,no_gaali
no_gaali__639.wav,1.0,1,no_gaali
no_gaali__553.wav,2.0,1,no_gaali
no_gaali__86.wav,2.0,1,no_gaali
no_gaali__69.wav,2.0,1,no_gaali
no_gaali__122.wav,1.0,1,no_gaali
no_gaali__461.wav,1.0,1,no_gaali
no_gaali__742.wav,1.0,1,no_gaali
no_gaali__1304.wav,1.0,1,no_gaali
no_gaali__544.wav,2.0,1,no_gaali
no_gaali__1230.wav,2.0,1,no_gaali
no_gaali__373.wav,2.0,1,no_gaali
no_gaali__1194.wav,2.0,1,no_gaali
no_gaali__1365.wav,2.0,1,no_gaali
no_gaali__232.wav,1.0,1,no_gaali
no_gaali__368.wav,2.0,1,no_gaali
no_gaali__630.wav,2.0,1,no_gaali
no_gaali__753.wav,1.0,1,no_gaali
no_gaali__989.wav,2.0,1,no_gaali
no_gaali__391.wav,2.0,1,no_gaali
no_gaali__444.wav,2.0,1,no_gaali
no_gaali__901.wav,1.0,1,no_gaali
no_gaali__643.wav,2.0,1,no_gaali
no_gaali__854.wav,2.0,1,no_gaali
no_gaali__529.wav,2.0,1,no_gaali
no_gaali__1104.wav,2.0,1,no_gaali
no_gaali__606.wav,2.0,1,no_gaali
no_gaali__1092.wav,2.0,1,no_gaali
no_gaali__13.wav,2.0,1,no_gaali
no_gaali__712.wav,1.0,1,no_gaali
no_gaali__296.wav,2.0,1,no_gaali
no_gaali__793.wav,1.0,1,no_gaali
no_gaali__209.wav,2.0,1,no_gaali
no_gaali__724.wav,2.0,1,no_gaali
no_gaali__246.wav,2.0,1,no_gaali
no_gaali__299.wav,0.882375,1,no_gaali
no_gaali__1353.wav,2.0,1,no_gaali
no_gaali__846.wav,0.75325,1,no_gaali
no_gaali__1383.wav,2.0,1,no_gaali
no_gaali__1029.wav,1.0,1,no_gaali
no_gaali__415.wav,2.0,1,no_gaali
no_gaali__496.wav,1.0,1,no_gaali
no_gaali__996.wav,1.0,1,no_gaali
no_gaali__1346.wav,2.0,1,no_gaali
no_gaali__463.wav,1.0,1,no_gaali
no_gaali__934.wav,2.0,1,no_gaali
no_gaali__243.wav,1.0,1,no_gaali
no_gaali__910.wav,1.0,1,no_gaali
no_gaali__1235.wav,1.0,1,no_gaali
no_gaali__784.wav,1.0,1,no_gaali
no_gaali__1211.wav,2.0,1,no_gaali
no_gaali__837.wav,2.0,1,no_gaali
no_gaali__60.wav,1.0,1,no_gaali
no_gaali__1394.wav,2.0,1,no_gaali
no_gaali__236.wav,1.0,1,no_gaali
no_gaali__869.wav,2.0,1,no_gaali
no_gaali__641.wav,2.0,1,no_gaali
no_gaali__1250.wav,1.0,1,no_gaali
no_gaali__307.wav,2.0,1,no_gaali
no_gaali__801.wav,2.0,1,no_gaali
no_gaali__320.wav,2.0,1,no_gaali
no_gaali__626.wav,2.0,1,no_gaali
no_gaali__281.wav,1.0,1,no_gaali
no_gaali__330.wav,2.0,1,no_gaali
no_gaali__214.wav,1.0,1,no_gaali
no_gaali__772.wav,2.0,1,no_gaali
no_gaali__65.wav,1.0,1,no_gaali
no_gaali__163.wav,2.0,1,no_gaali
no_gaali__474.wav,2.0,1,no_gaali
no_gaali__638.wav,2.0,1,no_gaali
no_gaali__196.wav,1.0,1,no_gaali
no_gaali__394.wav,1.0,1,no_gaali
no_gaali__610.wav,1.0,1,no_gaali
no_gaali__229.wav,2.0,1,no_gaali
no_gaali__888.wav,2.0,1,no_gaali
no_gaali__711.wav,1.0,1,no_gaali
no_gaali__468.wav,1.0,1,no_gaali
no_gaali__522.wav,2.0,1,no_gaali
no_gaali__177.wav,2.0,1,no_gaali
no_gaali__1351.wav,1.0,1,no_gaali
no_gaali__151.wav,1.0,1,no_gaali
no_gaali__666.wav,0.7894375,1,no_gaali
no_gaali__715.wav,2.0,1,no_gaali
no_gaali__7.wav,1.0,1,no_gaali
no_gaali__397.wav,1.0,1,no_gaali
no_gaali__115.wav,2.0,1,no_gaali
no_gaali__1196.wav,2.0,1,no_gaali
no_gaali__1142.wav,2.0,1,no_gaali
no_gaali__54.wav,2.0,1,no_gaali
no_gaali__475.wav,2.0,1,no_gaali
no_gaali__102.wav,2.0,1,no_gaali
no_gaali__1110.wav,2.0,1,no_gaali
no_gaali__586.wav,2.0,1,no_gaali
no_gaali__270.wav,2.0,1,no_gaali
no_gaali__225.wav,1.0,1,no_gaali
no_gaali__1043.wav,0.75325,1,no_gaali
no_gaali__4.wav,1.0,1,no_gaali
no_gaali__88.wav,2.0,1,no_gaali
no_gaali__1081.wav,1.0,1,no_gaali
no_gaali__520.wav,2.0,1,no_gaali
no_gaali__721.wav,2.0,1,no_gaali
no_gaali__1318.wav,2.0,1,no_gaali
no_gaali__561.wav,2.0,1,no_gaali
no_gaali__215.wav,1.0,1,no_gaali
no_gaali__93.wav,1.0,1,no_gaali
no_gaali__129.wav,2.0,1,no_gaali
no_gaali__939.wav,1.0,1,no_gaali
no_gaali__1338.wav,2.0,1,no_gaali
no_gaali__976.wav,2.0,1,no_gaali
no_gaali__341.wav,2.0,1,no_gaali
no_gaali__47.wav,2.0,1,no_gaali
no_gaali__303.wav,2.0,1,no_gaali
no_gaali__28.wav,2.0,1,no_gaali
no_gaali__1310.wav,1.0,1,no_gaali
no_gaali__255.wav,1.0,1,no_gaali
no_gaali__263.wav,2.0,1,no_gaali
no_gaali__1080.wav,1.0,1,no_gaali
no_gaali__909.wav,1.0,1,no_gaali
no_gaali__462.wav,1.0,1,no_gaali
no_gaali__739.wav,2.0,1,no_gaali
no_gaali__1067.wav,2.0,1,no_gaali
no_gaali__460.wav,2.0,1,no_gaali
no_gaali__587.wav,2.0,1,no_gaali
no_gaali__451.wav,2.0,1,no_gaali
no_gaali__458.wav,2.0,1,no_gaali
no_gaali__1167.wav,2.0,1,no_gaali
no_gaali__1323.wav,2.0,1,no_gaali
no_gaali__162.wav,1.0,1,no_gaali
no_gaali__1154.wav,1.0,1,no_gaali
no_gaali__39.wav,1.0,1,no_gaali
no_gaali__300.wav,2.0,1,no_gaali
no_gaali__3.wav,2.0,1,no_gaali
no_gaali__1200.wav,2.0,1,no_gaali
no_gaali__959.wav,2.0,1,no_gaali
no_gaali__1265.wav,2.0,1,no_gaali
no_gaali__883.wav,1.0,1,no_gaali
no_gaali__1355.wav,2.0,1,no_gaali
no_gaali__1119.wav,1.0,1,no_gaali
no_gaali__48.wav,2.0,1,no_gaali
no_gaali__1134.wav,1.0,1,no_gaali
no_gaali__131.wav,2.0,1,no_gaali
no_gaali__705.wav,2.0,1,no_gaali
no_gaali__252.wav,1.0,1,no_gaali
no_gaali__201.wav,2.0,1,no_gaali
no_gaali__376.wav,2.0,1,no_gaali
no_gaali__265.wav,2.0,1,no_gaali
no_gaali__665.wav,2.0,1,no_gaali
no_gaali__655.wav,1.0,1,no_gaali
no_gaali__1155.wav,1.0,1,no_gaali
no_gaali__284.wav,2.0,1,no_gaali
no_gaali__271.wav,2.0,1,no_gaali
no_gaali__1347.wav,2.0,1,no_gaali
no_gaali__929.wav,2.0,1,no_gaali
no_gaali__91.wav,2.0,1,no_gaali
no_gaali__396.wav,2.0,1,no_gaali
no_gaali__352.wav,2.0,1,no_gaali
no_gaali__1246.wav,1.0,1,no_gaali
no_gaali__868.wav,2.0,1,no_gaali
no_gaali__672.wav,1.0,1,no_gaali
no_gaali__146.wav,1.0,1,no_gaali
no_gaali__540.wav,1.0,1,no_gaali
no_gaali__998.wav,2.0,1,no_gaali
no_gaali__921.wav,2.0,1,no_gaali
no_gaali__860.wav,1.0,1,no_gaali
no_gaali__1284.wav,1.0,1,no_gaali
no_gaali__199.wav,2.0,1,no_gaali
no_gaali__1121.wav,2.0,1,no_gaali
no_gaali__1190.wav,2.0,1,no_gaali
no_gaali__681.wav,1.0,1,no_gaali
no_gaali__158.wav,2.0,1,no_gaali
no_gaali__1277.wav,1.0,1,no_gaali
no_gaali__92.wav,2.0,1,no_gaali
no_gaali__993.wav,1.0,1,no_gaali
no_gaali__26.wav,1.0,1,no_gaali
no_gaali__117.wav,2.0,1,no_gaali
no_gaali__1060.wav,1.0,1,no_gaali
no_gaali__126.wav,2.0,1,no_gaali
no_gaali__1007.wav,1.0,1,no_gaali
no_gaali__1010.wav,2.0,1,no_gaali
no_gaali__775.wav,2.0,1,no_gaali
no_gaali__1083.wav,2.0,1,no_gaali
no_gaali__124.wav,2.0,1,no_gaali
no_gaali__46.wav,1.0,1,no_gaali
no_gaali__1112.wav,2.0,1,no_gaali
no_gaali__1130.wav,1.0,1,no_gaali
no_gaali__1340.wav,2.0,1,no_gaali
no_gaali__1048.wav,2.0,1,no_gaali
no_gaali__867.wav,2.0,1,no_gaali
no_gaali__1255.wav,2.0,1,no_gaali
no_gaali__1240.wav,2.0,1,no_gaali
no_gaali__828.wav,2.0,1,no_gaali
no_gaali__787.wav,2.0,1,no_gaali
no_gaali__760.wav,1.0,1,no_gaali
no_gaali__438.wav,2.0,1,no_gaali
no_gaali__627.wav,1.0,1,no_gaali
no_gaali__657.wav,1.0,1,no_gaali
no_gaali__416.wav,2.0,1,no_gaali
no_gaali__752.wav,2.0,1,no_gaali
no_gaali__1189.wav,2.0,1,no_gaali
no_gaali__938.wav,1.0,1,no_gaali
no_gaali__450.wav,0.896,1,no_gaali
no_gaali__878.wav,1.0,1,no_gaali
no_gaali__925.wav,2.0,1,no_gaali
no_gaali__1014.wav,1.0,1,no_gaali
no_gaali__216.wav,2.0,1,no_gaali
no_gaali__737.wav,2.0,1,no_gaali
no_gaali__174.wav,1.0,1,no_gaali
no_gaali__409.wav,2.0,1,no_gaali
no_gaali__148.wav,2.0,1,no_gaali
no_gaali__847.wav,2.0,1,no_gaali
no_gaali__755.wav,2.0,1,no_gaali
no_gaali__336.wav,1.0,1,no_gaali
no_gaali__988.wav,1.0,1,no_gaali
no_gaali__1343.wav,2.0,1,no_gaali
no_gaali__812.wav,1.0,1,no_gaali
no_gaali__106.wav,1.0,1,no_gaali
no_gaali__1242.wav,2.0,1,no_gaali
no_gaali__147.wav,1.0,1,no_gaali
no_gaali__1114.wav,1.0,1,no_gaali
no_gaali__1181.wav,2.0,1,no_gaali
no_gaali__498.wav,2.0,1,no_gaali
no_gaali__1313.wav,1.0,1,no_gaali
no_gaali__1159.wav,1.0,1,no_gaali
no_gaali__1297.wav,1.0,1,no_gaali
no_gaali__423.wav,2.0,1,no_gaali
no_gaali__152.wav,2.0,1,no_gaali
no_gaali__1358.wav,1.0,1,no_gaali
no_gaali__452.wav,2.0,1,no_gaali
no_gaali__247.wav,1.0,1,no_gaali
no_gaali__118.wav,2.0,1,no_gaali
no_gaali__348.wav,1.0,1,no_gaali
no_gaali__1179.wav,1.0,1,no_gaali
no_gaali__426.wav,2.0,1,no_gaali
no_gaali__237.wav,2.0,1,no_gaali
no_gaali__266.wav,2.0,1,no_gaali
no_gaali__992.wav,1.0,1,no_gaali
no_gaali__1027.wav,2.0,1,no_gaali
no_gaali__469.wav,2.0,1,no_gaali
no_gaali__1224.wav,1.0,1,no_gaali
no_gaali__1369.wav,1.0,1,no_gaali
no_gaali__230.wav,2.0,1,no_gaali
no_gaali__1.wav,2.0,1,no_gaali
no_gaali__1345.wav,2.0,1,no_gaali
no_gaali__653.wav,1.0,1,no_gaali
no_gaali__305.wav,1.0,1,no_gaali
no_gaali__1376.wav,1.0,1,no_gaali
no_gaali__796.wav,0.8359375,1,no_gaali
no_gaali__165.wav,2.0,1,no_gaali
no_gaali__1153.wav,2.0,1,no_gaali
no_gaali__573.wav,2.0,1,no_gaali
no_gaali__1034.wav,2.0,1,no_gaali
no_gaali__494.wav,1.0,1,no_gaali
no_gaali__852.wav,2.0,1,no_gaali
no_gaali__24.wav,2.0,1,no_gaali
no_gaali__592.wav,2.0,1,no_gaali
no_gaali__192.wav,1.0,1,no_gaali
no_gaali__1185.wav,0.8359375,1,no_gaali
no_gaali__304.wav,2.0,1,no_gaali
no_gaali__425.wav,2.0,1,no_gaali
no_gaali__552.wav,2.0,1,no_gaali
no_gaali__356.wav,1.0,1,no_gaali
no_gaali__135.wav,1.0,1,no_gaali
no_gaali__286.wav,1.0,1,no_gaali
no_gaali__608.wav,2.0,1,no_gaali
no_gaali__347.wav,2.0,1,no_gaali
no_gaali__891.wav,0.7535,1,no_gaali
no_gaali__421.wav,2.0,1,no_gaali
no_gaali__709.wav,1.0,1,no_gaali
no_gaali__104.wav,2.0,1,no_gaali
no_gaali__894.wav,1.0,1,no_gaali
no_gaali__101.wav,2.0,1,no_gaali
no_gaali__294.wav,1.0,1,no_gaali
no_gaali__728.wav,1.0,1,no_gaali
no_gaali__1128.wav,1.0,1,no_gaali
no_gaali__717.wav,1.0,1,no_gaali
no_gaali__1145.wav,2.0,1,no_gaali
no_gaali__558.wav,0.6501875,1,no_gaali
no_gaali__308.wav,1.0,1,no_gaali
no_gaali__703.wav,2.0,1,no_gaali
no_gaali__483.wav,2.0,1,no_gaali
no_gaali__969.wav,2.0,1,no_gaali
no_gaali__970.wav,1.0,1,no_gaali
no_gaali__133.wav,2.0,1,no_gaali
no_gaali__488.wav,2.0,1,no_gaali
no_gaali__738.wav,2.0,1,no_gaali
no_gaali__482.wav,2.0,1,no_gaali
no_gaali__50.wav,2.0,1,no_gaali
no_gaali__1192.wav,1.0,1,no_gaali
no_gaali__34.wav,2.0,1,no_gaali
no_gaali__363.wav,2.0,1,no_gaali
no_gaali__516.wav,2.0,1,no_gaali
no_gaali__1251.wav,2.0,1,no_gaali
no_gaali__1160.wav,2.0,1,no_gaali
no_gaali__221.wav,2.0,1,no_gaali
no_gaali__504.wav,2.0,1,no_gaali
no_gaali__1051.wav,1.0,1,no_gaali
no_gaali__182.wav,2.0,1,no_gaali
no_gaali__249.wav,1.0,1,no_gaali
no_gaali__1057.wav,0.8106875,1,no_gaali
no_gaali__353.wav,1.0,1,no_gaali
no_gaali__821.wav,1.0,1,no_gaali
no_gaali__663.wav,2.0,1,no_gaali
no_gaali__1341.wav,1.0,1,no_gaali
no_gaali__1270.wav,2.0,1,no_gaali
no_gaali__428.wav,2.0,1,no_gaali
no_gaali__1120.wav,2.0,1,no_gaali
no_gaali__1165.wav,1.0,1,no_gaali
no_gaali__533.wav,1.0,1,no_gaali
no_gaali__853.wav,2.0,1,no_gaali
no_gaali__776.wav,2.0,1,no_gaali
no_gaali__1287.wav,2.0,1,no_gaali
no_gaali__890.wav,2.0,1,no_gaali
no_gaali__1180.wav,2.0,1,no_gaali
no_gaali__792.wav,2.0,1,no_gaali
no_gaali__1068.wav,0.8359375,1,no_gaali
no_gaali__619.wav,2.0,1,no_gaali
no_gaali__53.wav,1.0,1,no_gaali
no_gaali__649.wav,2.0,1,no_gaali
no_gaali__1132.wav,2.0,1,no_gaali
no_gaali__1308.wav,2.0,1,no_gaali
no_gaali__1146.wav,1.0,1,no_gaali
no_gaali__198.wav,1.0,1,no_gaali
no_gaali__1314.wav,2.0,1,no_gaali
no_gaali__1387.wav,2.0,1,no_gaali
no_gaali__136.wav,1.0,1,no_gaali
no_gaali__245.wav,1.0,1,no_gaali
no_gaali__73.wav,2.0,1,no_gaali
no_gaali__1203.wav,2.0,1,no_gaali
no_gaali__139.wav,1.0,1,no_gaali
no_gaali__985.wav,1.0,1,no_gaali
no_gaali__1040.wav,1.0,1,no_gaali
no_gaali__859.wav,1.0,1,no_gaali
no_gaali__602.wav,1.0,1,no_gaali
no_gaali__1275.wav,1.0,1,no_gaali
no_gaali__962.wav,0.4179375,1,no_gaali
no_gaali__524.wav,1.0,1,no_gaali
no_gaali__513.wav,2.0,1,no_gaali
no_gaali__1380.wav,2.0,1,no_gaali
no_gaali__521.wav,2.0,1,no_gaali
no_gaali__1359.wav,2.0,1,no_gaali
no_gaali__1298.wav,2.0,1,no_gaali
no_gaali__1331.wav,2.0,1,no_gaali
no_gaali__519.wav,2.0,1,no_gaali
no_gaali__948.wav,2.0,1,no_gaali
no_gaali__654.wav,2.0,1,no_gaali
no_gaali__918.wav,2.0,1,no_gaali
no_gaali__525.wav,2.0,1,no_gaali
no_gaali__1036.wav,2.0,1,no_gaali
no_gaali__335.wav,1.0,1,no_gaali
no_gaali__1094.wav,2.0,1,no_gaali
no_gaali__815.wav,2.0,1,no_gaali
no_gaali__1033.wav,2.0,1,no_gaali
no_gaali__1148.wav,2.0,1,no_gaali
no_gaali__782.wav,2.0,1,no_gaali
no_gaali__97.wav,1.0,1,no_gaali
no_gaali__456.wav,2.0,1,no_gaali
no_gaali__1069.wav,2.0,1,no_gaali
no_gaali__518.wav,1.0,1,no_gaali
no_gaali__571.wav,1.0,1,no_gaali
no_gaali__470.wav,2.0,1,no_gaali
no_gaali__18.wav,2.0,1,no_gaali
no_gaali__722.wav,1.0,1,no_gaali
no_gaali__1261.wav,2.0,1,no_gaali
no_gaali__1222.wav,2.0,1,no_gaali
no_gaali__29.wav,2.0,1,no_gaali
no_gaali__1374.wav,1.0,1,no_gaali
no_gaali__1371.wav,1.0,1,no_gaali
no_gaali__922.wav,1.0,1,no_gaali
no_gaali__205.wav,1.0,1,no_gaali
no_gaali__103.wav,2.0,1,no_gaali
no_gaali__1097.wav,2.0,1,no_gaali
no_gaali__850.wav,2.0,1,no_gaali
no_gaali__855.wav,1.0,1,no_gaali
no_gaali__1054.wav,2.0,1,no_gaali
no_gaali__45.wav,2.0,1,no_gaali
no_gaali__764.wav,1.0,1,no_gaali
no_gaali__740.wav,2.0,1,no_gaali
no_gaali__392.wav,2.0,1,no_gaali
no_gaali__842.wav,2.0,1,no_gaali
no_gaali__937.wav,1.0,1,no_gaali
no_gaali__926.wav,1.0,1,no_gaali
no_gaali__1116.wav,1.0,1,no_gaali
no_gaali__1356.wav,2.0,1,no_gaali
no_gaali__763.wav,2.0,1,no_gaali
no_gaali__288.wav,2.0,1,no_gaali
no_gaali__295.wav,2.0,1,no_gaali
no_gaali__931.wav,1.0,1,no_gaali
no_gaali__509.wav,2.0,1,no_gaali
no_gaali__228.wav,2.0,1,no_gaali
no_gaali__799.wav,2.0,1,no_gaali
no_gaali__1247.wav,0.8,1,no_gaali
no_gaali__679.wav,2.0,1,no_gaali
no_gaali__1107.wav,2.0,1,no_gaali
no_gaali__1197.wav,2.0,1,no_gaali
no_gaali__440.wav,2.0,1,no_gaali
no_gaali__321.wav,2.0,1,no_gaali
no_gaali__1349.wav,1.0,1,no_gaali
no_gaali__334.wav,1.0,1,no_gaali
no_gaali__1193.wav,2.0,1,no_gaali
no_gaali__541.wav,2.0,1,no_gaali
no_gaali__979.wav,2.0,1,no_gaali
no_gaali__735.wav,1.0,1,no_gaali
no_gaali__1139.wav,2.0,1,no_gaali
no_gaali__623.wav,2.0,1,no_gaali
no_gaali__276.wav,1.0,1,no_gaali
no_gaali__1391.wav,1.0,1,no_gaali
no_gaali__169.wav,2.0,1,no_gaali
no_gaali__431.wav,0.682625,1,no_gaali
no_gaali__531.wav,2.0,1,no_gaali
no_gaali__1184.wav,1.0,1,no_gaali
no_gaali__851.wav,1.0,1,no_gaali
no_gaali__1171.wav,2.0,1,no_gaali
no_gaali__1100.wav,2.0,1,no_gaali
no_gaali__1229.wav,2.0,1,no_gaali
no_gaali__861.wav,2.0,1,no_gaali
no_gaali__1217.wav,2.0,1,no_gaali
no_gaali__917.wav,2.0,1,no_gaali
no_gaali__1182.wav,2.0,1,no_gaali
no_gaali__1288.wav,1.0,1,no_gaali
no_gaali__1378.wav,1.0,1,no_gaali
no_gaali__442.wav,1.0,1,no_gaali
no_gaali__689.wav,2.0,1,no_gaali
no_gaali__244.wav,2.0,1,no_gaali
no_gaali__644.wav,1.0,1,no_gaali
no_gaali__550.wav,2.0,1,no_gaali
no_gaali__430.wav,1.0,1,no_gaali
no_gaali__57.wav,2.0,1,no_gaali
no_gaali__302.wav,2.0,1,no_gaali
no_gaali__635.wav,2.0,1,no_gaali
no_gaali__1125.wav,2.0,1,no_gaali
no_gaali__125.wav,1.0,1,no_gaali
no_gaali__576.wav,1.0,1,no_gaali
no_gaali__241.wav,2.0,1,no_gaali
no_gaali__111.wav,0.64,1,no_gaali
no_gaali__1126.wav,2.0,1,no_gaali
no_gaali__640.wav,1.0,1,no_gaali
no_gaali__870.wav,1.0,1,no_gaali
no_gaali__1208.wav,2.0,1,no_gaali
no_gaali__1084.wav,2.0,1,no_gaali
no_gaali__708.wav,2.0,1,no_gaali
no_gaali__556.wav,1.0,1,no_gaali
no_gaali__589.wav,2.0,1,no_gaali
no_gaali__185.wav,2.0,1,no_gaali
no_gaali__1020.wav,2.0,1,no_gaali
no_gaali__374.wav,1.0,1,no_gaali
no_gaali__99.wav,2.0,1,no_gaali
no_gaali__972.wav,2.0,1,no_gaali
no_gaali__1050.wav,2.0,1,no_gaali
no_gaali__120.wav,2.0,1,no_gaali
no_gaali__1392.wav,2.0,1,no_gaali
no_gaali__510.wav,2.0,1,no_gaali
no_gaali__1367.wav,1.0,1,no_gaali
no_gaali__511.wav,2.0,1,no_gaali
no_gaali__958.wav,1.0,1,no_gaali
no_gaali__1281.wav,1.0,1,no_gaali
no_gaali__1236.wav,1.0,1,no_gaali
no_gaali__41.wav,1.0,1,no_gaali
no_gaali__904.wav,2.0,1,no_gaali
no_gaali__264.wav,2.0,1,no_gaali
no_gaali__291.wav,2.0,1,no_gaali
no_gaali__1087.wav,1.0,1,no_gaali
no_gaali__1111.wav,1.0,1,no_gaali
no_gaali__1271.wav,0.896,1,no_gaali
no_gaali__762.wav,1.0,1,no_gaali
no_gaali__609.wav,0.981375,1,no_gaali
no_gaali__698.wav,2.0,1,no_gaali
no_gaali__857.wav,2.0,1,no_gaali
no_gaali__1035.wav,2.0,1,no_gaali
no_gaali__1152.wav,2.0,1,no_gaali
no_gaali__1285.wav,2.0,1,no_gaali
no_gaali__10.wav,1.0,1,no_gaali
no_gaali__8.wav,1.0,1,no_gaali
no_gaali__499.wav,2.0,1,no_gaali
no_gaali__893.wav,2.0,1,no_gaali
no_gaali__1103.wav,2.0,1,no_gaali
no_gaali__545.wav,1.0,1,no_gaali
no_gaali__563.wav,1.0,1,no_gaali
no_gaali__480.wav,2.0,1,no_gaali
no_gaali__1216.wav,1.0,1,no_gaali
no_gaali__1296.wav,1.0,1,no_gaali
no_gaali__408.wav,2.0,1,no_gaali
no_gaali__554.wav,2.0,1,no_gaali
no_gaali__466.wav,1.0,1,no_gaali
no_gaali__171.wav,2.0,1,no_gaali
no_gaali__378.wav,2.0,1,no_gaali
no_gaali__364.wav,1.0,1,no_gaali
no_gaali__982.wav,2.0,1,no_gaali
no_gaali__1186.wav,1.0,1,no_gaali
no_gaali__662.wav,2.0,1,no_gaali
no_gaali__55.wav,2.0,1,no_gaali
no_gaali__434.wav,2.0,1,no_gaali
no_gaali__361.wav,1.0,1,no_gaali
no_gaali__326.wav,2.0,1,no_gaali
no_gaali__877.wav,2.0,1,no_gaali
no_gaali__316.wav,1.0,1,no_gaali
no_gaali__472.wav,1.0,1,no_gaali
no_gaali__443.wav,1.0,1,no_gaali
no_gaali__751.wav,2.0,1,no_gaali
no_gaali__732.wav,2.0,1,no_gaali
no_gaali__1321.wav,1.0,1,no_gaali
no_gaali__930.wav,2.0,1,no_gaali
no_gaali__714.wav,2.0,1,no_gaali
no_gaali__1032.wav,1.0,1,no_gaali
no_gaali__204.wav,2.0,1,no_gaali
no_gaali__1213.wav,1.0,1,no_gaali
no_gaali__961.wav,2.0,1,no_gaali
no_gaali__601.wav,1.0,1,no_gaali
no_gaali__436.wav,1.0,1,no_gaali
no_gaali__1127.wav,1.0,1,no_gaali
no_gaali__12.wav,2.0,1,no_gaali
no_gaali__441.wav,2.0,1,no_gaali
no_gaali__967.wav,2.0,1,no_gaali
no_gaali__234.wav,2.0,1,no_gaali
no_gaali__503.wav,2.0,1,no_gaali
no_gaali__622.wav,2.0,1,no_gaali
no_gaali__161.wav,2.0,1,no_gaali
no_gaali__235.wav,2.0,1,no_gaali
no_gaali__912.wav,2.0,1,no_gaali
no_gaali__723.wav,2.0,1,no_gaali
no_gaali__1258.wav,1.0,1,no_gaali
no_gaali__596.wav,2.0,1,no_gaali
no_gaali__1150.wav,1.0,1,no_gaali
no_gaali__1072.wav,1.0,1,no_gaali
no_gaali__481.wav,0.938625,1,no_gaali
no_gaali__128.wav,2.0,1,no_gaali
no_gaali__778.wav,2.0,1,no_gaali
gaali__946.wav,1.22,1,gaali
gaali__502.wav,0.896875,1,gaali
gaali__1043.wav,1.12,1,gaali
gaali__950.wav,1.08,1,gaali
gaali__528.wav,1.0100625,1,gaali
gaali__1193.wav,1.06,1,gaali
gaali__1123.wav,1.2,1,gaali
gaali__1242.wav,1.24,1,gaali
gaali__124.wav,1.4243125,1,gaali
gaali__1283.wav,1.26,1,gaali
gaali__221.wav,0.473125,1,gaali
gaali__366.wav,1.0565625,1,gaali
gaali__1275.wav,1.56,1,gaali
gaali__512.wav,1.5499375,1,gaali
gaali__444.wav,1.24225,1,gaali
gaali__886.wav,1.76,1,gaali
gaali__700.wav,1.318625,1,gaali
gaali__572.wav,1.2581875,1,gaali
gaali__926.wav,1.1,1,gaali
gaali__830.wav,0.8475625,1,gaali
gaali__1186.wav,1.14,1,gaali
gaali__737.wav,1.671125,1,gaali
gaali__1069.wav,1.62,1,gaali
gaali__941.wav,1.76,1,gaali
gaali__594.wav,1.2829375,1,gaali
gaali__503.wav,0.8620625,1,gaali
gaali__96.wav,1.158625,1,gaali
gaali__1158.wav,1.22,1,gaali
gaali__1278.wav,1.4,1,gaali
gaali__1281.wav,1.54,1,gaali
gaali__665.wav,1.904125,1,gaali
gaali__1417.wav,1.5,1,gaali
gaali__622.wav,1.9949375,1,gaali
gaali__656.wav,1.575375,1,gaali
gaali__1399.wav,1.14,1,gaali
gaali__1403.wav,1.1,1,gaali
gaali__949.wav,1.22,1,gaali
gaali__398.wav,1.648625,1,gaali
gaali__1361.wav,1.0,1,gaali
gaali__19.wav,1.44,1,gaali
gaali__56.wav,0.638625,1,gaali
gaali__1349.wav,0.98,1,gaali
gaali__202.wav,1.277375,1,gaali
gaali__674.wav,1.758625,1,gaali
gaali__12.wav,1.24,1,gaali
gaali__933.wav,0.98,1,gaali
gaali__455.wav,1.1585,1,gaali
gaali__918.wav,1.1,1,gaali
gaali__1170.wav,1.18,1,gaali
gaali__705.wav,1.3351875,1,gaali
gaali__625.wav,1.579,1,gaali
gaali__405.wav,1.8111875,1,gaali
gaali__592.wav,0.64725,1,gaali
gaali__1330.wav,0.92,1,gaali
gaali__947.wav,1.18,1,gaali
gaali__910.wav,1.18,1,gaali
gaali__10.wav,1.32,1,gaali
gaali__131.wav,1.5905625,1,gaali
gaali__92.wav,0.838625,1,gaali
gaali__1055.wav,1.74,1,gaali
gaali__1073.wav,1.66,1,gaali
gaali__171.wav,0.6288125,1,gaali
gaali__31.wav,1.22,1,gaali
gaali__218.wav,1.786375,1,gaali
gaali__620.wav,1.0144375,1,gaali
gaali__790.wav,0.87075,1,gaali
gaali__526.wav,0.8881875,1,gaali
gaali__832.wav,0.6965625,1,gaali
gaali__994.wav,1.2,1,gaali
gaali__1421.wav,1.26,1,gaali
gaali__1.wav,1.24,1,gaali
gaali__1165.wav,1.08,1,gaali
gaali__636.wav,0.7778125,1,gaali
gaali__645.wav,1.838625,1,gaali
gaali__178.wav,0.6618125,1,gaali
gaali__1241.wav,1.12,1,gaali
gaali__746.wav,0.6035625,1,gaali
gaali__692.wav,1.078625,1,gaali
gaali__32.wav,1.18,1,gaali
gaali__1400.wav,1.22,1,gaali
gaali__1412.wav,1.42,1,gaali
gaali__1183.wav,1.06,1,gaali
gaali__1356.wav,1.48,1,gaali
gaali__1093.wav,1.5,1,gaali
gaali__754.wav,0.584375,1,gaali
gaali__1381.wav,1.2,1,gaali
gaali__449.wav,1.10875,1,gaali
gaali__1309.wav,1.44,1,gaali
gaali__1157.wav,1.48,1,gaali
gaali__876.wav,1.16,1,gaali
gaali__1052.wav,1.14,1,gaali
gaali__1287.wav,1.48,1,gaali
gaali__1179.wav,1.58,1,gaali
gaali__392.wav,1.0275,1,gaali
gaali__1016.wav,1.24,1,gaali
gaali__42.wav,0.798625,1,gaali
gaali__468.wav,1.2655,1,gaali
gaali__15.wav,1.26,1,gaali
gaali__200.wav,1.335125,1,gaali
gaali__276.wav,0.8939375,1,gaali
gaali__95.wav,0.838625,1,gaali
gaali__78.wav,1.838625,1,gaali
gaali__1218.wav,1.2,1,gaali
gaali__385.wav,1.428,1,gaali
gaali__66.wav,1.678625,1,gaali
gaali__1067.wav,1.52,1,gaali
gaali__1398.wav,1.38,1,gaali
gaali__895.wav,1.18,1,gaali
gaali__93.wav,0.798625,1,gaali
gaali__50.wav,1.398625,1,gaali
gaali__1211.wav,1.12,1,gaali
gaali__1223.wav,1.52,1,gaali
gaali__371.wav,0.7894375,1,gaali
gaali__671.wav,1.441375,1,gaali
gaali__33.wav,1.26,1,gaali
gaali__204.wav,1.4280625,1,gaali
gaali__850.wav,1.54,1,gaali
gaali__1207.wav,1.18,1,gaali
gaali__1102.wav,1.46,1,gaali
gaali__144.wav,1.2539375,1,gaali
gaali__619.wav,1.2219375,1,gaali
gaali__226.wav,0.505,1,gaali
gaali__1425.wav,1.28,1,gaali
gaali__704.wav,1.40475,1,gaali
gaali__125.wav,1.3994375,1,gaali
gaali__21.wav,1.18,1,gaali
gaali__46.wav,1.038625,1,gaali
gaali__313.wav,1.253875,1,gaali
gaali__1134.wav,1.54,1,gaali
gaali__315.wav,0.87075,1,gaali
gaali__286.wav,0.55725,1,gaali
gaali__601.wav,0.685,1,gaali
gaali__1080.wav,1.58,1,gaali
gaali__149.wav,0.5746875,1,gaali
gaali__462.wav,1.068125,1,gaali
gaali__1353.wav,1.36,1,gaali
gaali__897.wav,1.9,1,gaali
gaali__356.wav,1.1145,1,gaali
gaali__800.wav,1.625375,1,gaali
gaali__418.wav,1.462875,1,gaali
gaali__875.wav,1.68,1,gaali
gaali__900.wav,1.24,1,gaali
gaali__37.wav,1.22,1,gaali
gaali__1358.wav,1.08,1,gaali
gaali__465.wav,0.8475,1,gaali
gaali__1127.wav,0.98,1,gaali
gaali__1037.wav,1.1,1,gaali
gaali__944.wav,1.28,1,gaali
gaali__353.wav,1.0333125,1,gaali
gaali__1122.wav,1.2,1,gaali
gaali__486.wav,0.963625,1,gaali
gaali__1151.wav,1.2,1,gaali
gaali__76.wav,1.558625,1,gaali
gaali__90.wav,1.1925625,1,gaali
gaali__646.wav,1.838625,1,gaali
gaali__1126.wav,1.22,1,gaali
gaali__668.wav,1.878625,1,gaali
gaali__779.wav,1.306125,1,gaali
gaali__959.wav,0.88,1,gaali
gaali__115.wav,1.158625,1,gaali
gaali__1316.wav,1.4,1,gaali
gaali__507.wav,0.63275,1,gaali
gaali__312.wav,0.8943125,1,gaali
gaali__424.wav,1.2686875,1,gaali
gaali__576.wav,1.439625,1,gaali
gaali__899.wav,1.2,1,gaali
gaali__1057.wav,1.5,1,gaali
gaali__596.wav,1.07975,1,gaali
gaali__957.wav,0.9,1,gaali
gaali__963.wav,1.62,1,gaali
gaali__659.wav,1.509125,1,gaali
gaali__1407.wav,1.42,1,gaali
gaali__757.wav,0.8939375,1,gaali
gaali__825.wav,1.6815,1,gaali
gaali__678.wav,1.20575,1,gaali
gaali__81.wav,1.678625,1,gaali
gaali__773.wav,0.5166875,1,gaali
gaali__74.wav,1.798625,1,gaali
gaali__273.wav,1.161,1,gaali
gaali__239.wav,1.2423125,1,gaali
gaali__206.wav,1.26225,1,gaali
gaali__164.wav,1.418375,1,gaali
gaali__1070.wav,1.58,1,gaali
gaali__420.wav,1.58475,1,gaali
gaali__411.wav,1.5093125,1,gaali
gaali__1385.wav,1.16,1,gaali
gaali__629.wav,1.1145625,1,gaali
gaali__266.wav,1.428,1,gaali
gaali__653.wav,1.638625,1,gaali
gaali__461.wav,1.24225,1,gaali
gaali__958.wav,0.98,1,gaali
gaali__556.wav,0.9810625,1,gaali
gaali__811.wav,1.195875,1,gaali
gaali__626.wav,1.4744375,1,gaali
gaali__699.wav,1.318625,1,gaali
gaali__612.wav,1.07975,1,gaali
gaali__1351.wav,1.3,1,gaali
gaali__265.wav,0.9404375,1,gaali
gaali__1194.wav,1.2,1,gaali
gaali__854.wav,1.64,1,gaali
gaali__1432.wav,1.3,1,gaali
gaali__498.wav,1.201625,1,gaali
gaali__194.wav,1.161,1,gaali
gaali__394.wav,0.9926875,1,gaali
gaali__1251.wav,1.12,1,gaali
gaali__275.wav,1.1145625,1,gaali
gaali__294.wav,1.6734375,1,gaali
gaali__98.wav,1.1885,1,gaali
gaali__1098.wav,1.48,1,gaali
gaali__292.wav,1.878625,1,gaali
gaali__476.wav,0.963625,1,gaali
gaali__869.wav,1.12,1,gaali
gaali__1370.wav,0.88,1,gaali
gaali__1212.wav,1.5,1,gaali
gaali__319.wav,1.3468125,1,gaali
gaali__813.wav,0.87075,1,gaali
gaali__2.wav,1.44,1,gaali
gaali__453.wav,1.5093125,1,gaali
gaali__858.wav,1.52,1,gaali
gaali__26.wav,1.48,1,gaali
gaali__518.wav,0.8185,1,gaali
gaali__334.wav,1.2423125,1,gaali
gaali__816.wav,0.60375,1,gaali
gaali__1161.wav,1.02,1,gaali
gaali__1012.wav,1.08,1,gaali
gaali__714.wav,1.782125,1,gaali
gaali__1047.wav,1.68,1,gaali
gaali__228.wav,1.3003125,1,gaali
gaali__1332.wav,1.12,1,gaali
gaali__1160.wav,1.1,1,gaali
gaali__583.wav,0.905625,1,gaali
gaali__358.wav,1.5325,1,gaali
gaali__642.wav,1.4298125,1,gaali
gaali__1112.wav,1.14,1,gaali
gaali__231.wav,1.161,1,gaali
gaali__13.wav,1.3,1,gaali
gaali__1001.wav,1.08,1,gaali
gaali__1234.wav,1.5,1,gaali
gaali__173.wav,1.381625,1,gaali
gaali__1262.wav,1.02,1,gaali
gaali__232.wav,1.064875,1,gaali
gaali__1214.wav,1.1,1,gaali
gaali__1301.wav,1.36,1,gaali
gaali__1189.wav,1.06,1,gaali
gaali__1182.wav,1.12,1,gaali
gaali__1076.wav,1.28,1,gaali
gaali__145.wav,1.351625,1,gaali
gaali__697.wav,0.678625,1,gaali
gaali__314.wav,1.0913125,1,gaali
gaali__438.wav,1.0796875,1,gaali
gaali__1116.wav,1.14,1,gaali
gaali__991.wav,1.74,1,gaali
gaali__485.wav,0.905625,1,gaali
gaali__1436.wav,1.36,1,gaali
gaali__150.wav,0.6095,1,gaali
gaali__1284.wav,1.34,1,gaali
gaali__1106.wav,0.92,1,gaali
gaali__920.wav,1.1,1,gaali
gaali__951.wav,1.06,1,gaali
gaali__639.wav,1.0295625,1,gaali
gaali__365.wav,1.3931875,1,gaali
gaali__582.wav,1.2306875,1,gaali
gaali__1204.wav,1.02,1,gaali
gaali__774.wav,0.5746875,1,gaali
gaali__426.wav,1.3790625,1,gaali
gaali__1032.wav,1.18,1,gaali
gaali__181.wav,0.986875,1,gaali
gaali__97.wav,1.118625,1,gaali
gaali__1209.wav,1.12,1,gaali
gaali__119.wav,1.118625,1,gaali
gaali__1355.wav,1.08,1,gaali
gaali__758.wav,0.7836875,1,gaali
gaali__1350.wav,1.32,1,gaali
gaali__51.wav,1.318625,1,gaali
gaali__79.wav,1.0270625,1,gaali
gaali__581.wav,1.3235625,1,gaali
gaali__1131.wav,0.96,1,gaali
gaali__396.wav,0.6908125,1,gaali
gaali__1317.wav,1.34,1,gaali
gaali__399.wav,1.1958125,1,gaali
gaali__1406.wav,1.46,1,gaali
gaali__579.wav,0.7729375,1,gaali
gaali__364.wav,1.24225,1,gaali
gaali__627.wav,0.696625,1,gaali
gaali__148.wav,0.7605,1,gaali
gaali__1213.wav,0.9,1,gaali
gaali__489.wav,0.801125,1,gaali
gaali__14.wav,1.4,1,gaali
gaali__689.wav,1.318625,1,gaali
gaali__954.wav,1.04,1,gaali
gaali__586.wav,1.00425,1,gaali
gaali__938.wav,1.06,1,gaali
gaali__631.wav,1.4628125,1,gaali
gaali__427.wav,1.3916875,1,gaali
gaali__1139.wav,1.2,1,gaali
gaali__1384.wav,0.9,1,gaali
gaali__862.wav,1.82,1,gaali
gaali__269.wav,0.835875,1,gaali
gaali__1103.wav,1.02,1,gaali
gaali__129.wav,0.9868125,1,gaali
gaali__857.wav,1.54,1,gaali
gaali__1340.wav,1.1,1,gaali
gaali__1416.wav,1.32,1,gaali
gaali__585.wav,0.8359375,1,gaali
gaali__198.wav,1.4164375,1,gaali
gaali__903.wav,1.22,1,gaali
gaali__225.wav,0.3715625,1,gaali
gaali__609.wav,1.28875,1,gaali
gaali__1323.wav,0.96,1,gaali
gaali__913.wav,1.08,1,gaali
gaali__675.wav,1.0381875,1,gaali
gaali__300.wav,1.1841875,1,gaali
gaali__1329.wav,1.1,1,gaali
gaali__706.wav,1.1958125,1,gaali
gaali__222.wav,0.830125,1,gaali
gaali__1388.wav,1.08,1,gaali
gaali__1328.wav,1.06,1,gaali
gaali__986.wav,1.06,1,gaali
gaali__1256.wav,1.58,1,gaali
gaali__635.wav,1.335125,1,gaali
gaali__262.wav,1.253875,1,gaali
gaali__738.wav,1.65675,1,gaali
gaali__797.wav,0.5920625,1,gaali
gaali__1140.wav,1.02,1,gaali
gaali__1258.wav,1.16,1,gaali
gaali__1246.wav,1.24,1,gaali
gaali__432.wav,1.0565,1,gaali
gaali__142.wav,1.567375,1,gaali
gaali__1144.wav,1.12,1,gaali
gaali__789.wav,0.66175,1,gaali
gaali__568.wav,0.5800625,1,gaali
gaali__628.wav,1.0913125,1,gaali
gaali__1013.wav,1.1,1,gaali
gaali__658.wav,1.035625,1,gaali
gaali__781.wav,1.1029375,1,gaali
gaali__1201.wav,1.54,1,gaali
gaali__917.wav,1.04,1,gaali
gaali__604.wav,0.9781875,1,gaali
gaali__1394.wav,1.2,1,gaali
gaali__496.wav,1.120375,1,gaali
gaali__1162.wav,0.96,1,gaali
gaali__130.wav,0.9985,1,gaali
gaali__693.wav,1.918625,1,gaali
gaali__301.wav,1.1813125,1,gaali
gaali__409.wav,1.5325,1,gaali
gaali__666.wav,1.2045,1,gaali
gaali__924.wav,1.18,1,gaali
gaali__114.wav,1.838625,1,gaali
gaali__184.wav,0.568875,1,gaali
gaali__922.wav,1.32,1,gaali
gaali__287.wav,0.8126875,1,gaali
gaali__1306.wav,1.52,1,gaali
gaali__624.wav,1.1820625,1,gaali
gaali__295.wav,1.2839375,1,gaali
gaali__1011.wav,1.16,1,gaali
gaali__848.wav,1.32,1,gaali
gaali__669.wav,1.758625,1,gaali
gaali__1374.wav,1.06,1,gaali
gaali__1066.wav,1.64,1,gaali
gaali__1040.wav,1.08,1,gaali
gaali__442.wav,0.87075,1,gaali
gaali__494.wav,0.5456875,1,gaali
gaali__915.wav,1.22,1,gaali
gaali__132.wav,1.1841875,1,gaali
gaali__621.wav,1.7245,1,gaali
gaali__1094.wav,1.64,1,gaali
gaali__454.wav,1.590375,1,gaali
gaali__708.wav,1.76775,1,gaali
gaali__564.wav,1.20825,1,gaali
gaali__241.wav,0.963625,1,gaali
gaali__1405.wav,1.4,1,gaali
gaali__1041.wav,1.26,1,gaali
gaali__1031.wav,1.1,1,gaali
gaali__1097.wav,1.42,1,gaali
gaali__135.wav,0.87075,1,gaali
gaali__720.wav,1.7865,1,gaali
gaali__873.wav,1.26,1,gaali
gaali__725.wav,1.504875,1,gaali
gaali__1227.wav,1.1,1,gaali
gaali__106.wav,0.998625,1,gaali
gaali__1383.wav,0.9,1,gaali
gaali__1326.wav,1.04,1,gaali
gaali__1433.wav,1.42,1,gaali
gaali__397.wav,0.702375,1,gaali
gaali__1050.wav,1.22,1,gaali
gaali__281.wav,0.9868125,1,gaali
gaali__309.wav,1.5673125,1,gaali
gaali__253.wav,1.4280625,1,gaali
gaali__363.wav,1.253875,1,gaali
gaali__717.wav,1.16325,1,gaali
gaali__70.wav,1.398625,1,gaali
gaali__307.wav,1.0623125,1,gaali
gaali__925.wav,1.42,1,gaali
gaali__939.wav,1.14,1,gaali
gaali__404.wav,1.9736875,1,gaali
gaali__264.wav,1.044875,1,gaali
gaali__953.wav,1.14,1,gaali
gaali__792.wav,0.656,1,gaali
gaali__1293.wav,1.36,1,gaali
gaali__249.wav,1.1958125,1,gaali
gaali__1347.wav,1.1,1,gaali
gaali__113.wav,1.158625,1,gaali
gaali__573.wav,1.53025,1,gaali
gaali__1311.wav,1.44,1,gaali
gaali__471.wav,1.149375,1,gaali
gaali__784.wav,0.70825,1,gaali
gaali__516.wav,1.5093125,1,gaali
gaali__1024.wav,1.02,1,gaali
gaali__1377.wav,1.04,1,gaali
gaali__1357.wav,1.16,1,gaali
gaali__1431.wav,1.28,1,gaali
gaali__177.wav,1.2770625,1,gaali
gaali__321.wav,0.940375,1,gaali
gaali__731.wav,1.401375,1,gaali
gaali__28.wav,1.54,1,gaali
gaali__546.wav,1.253875,1,gaali
gaali__11.wav,1.36,1,gaali
gaali__701.wav,1.518625,1,gaali
gaali__1271.wav,1.42,1,gaali
gaali__1339.wav,1.04,1,gaali
gaali__1009.wav,1.02,1,gaali
gaali__1118.wav,1.04,1,gaali
gaali__439.wav,1.068125,1,gaali
gaali__923.wav,1.12,1,gaali
gaali__694.wav,1.958625,1,gaali
gaali__533.wav,1.3119375,1,gaali
gaali__524.wav,1.4318125,1,gaali
gaali__721.wav,1.7646875,1,gaali
gaali__207.wav,1.506125,1,gaali
gaali__1393.wav,1.18,1,gaali
gaali__1136.wav,1.26,1,gaali
gaali__535.wav,1.4280625,1,gaali
gaali__197.wav,1.7763125,1,gaali
gaali__1404.wav,1.08,1,gaali
gaali__169.wav,0.57025,1,gaali
gaali__293.wav,1.4041875,1,gaali
gaali__1337.wav,1.08,1,gaali
gaali__435.wav,0.8533125,1,gaali
gaali__971.wav,1.06,1,gaali
gaali__1372.wav,1.12,1,gaali
gaali__654.wav,1.305,1,gaali
gaali__1008.wav,1.38,1,gaali
gaali__348.wav,0.8126875,1,gaali
gaali__3.wav,1.22,1,gaali
gaali__256.wav,0.9055625,1,gaali
gaali__932.wav,1.12,1,gaali
gaali__425.wav,1.6548125,1,gaali
gaali__188.wav,1.8171875,1,gaali
gaali__1006.wav,0.92,1,gaali
gaali__1173.wav,1.1,1,gaali
gaali__331.wav,1.416375,1,gaali
gaali__1396.wav,1.2,1,gaali
gaali__715.wav,1.2480625,1,gaali
gaali__223.wav,0.673375,1,gaali
gaali__1113.wav,1.54,1,gaali
gaali__742.wav,1.75525,1,gaali
gaali__768.wav,0.8185,1,gaali
gaali__1105.wav,1.4,1,gaali
gaali__381.wav,0.6095625,1,gaali
gaali__346.wav,0.8126875,1,gaali
gaali__735.wav,1.6225,1,gaali
gaali__1434.wav,1.38,1,gaali
gaali__351.wav,1.4860625,1,gaali
gaali__734.wav,0.912875,1,gaali
gaali__1023.wav,1.16,1,gaali
gaali__1109.wav,1.16,1,gaali
gaali__1159.wav,1.2,1,gaali
gaali__776.wav,1.4399375,1,gaali
gaali__791.wav,0.650125,1,gaali
gaali__440.wav,0.87075,1,gaali
gaali__739.wav,1.5445625,1,gaali
gaali__1089.wav,1.56,1,gaali
gaali__320.wav,1.4048125,1,gaali
gaali__479.wav,1.2423125,1,gaali
gaali__1359.wav,0.94,1,gaali
gaali__1319.wav,1.38,1,gaali
gaali__192.wav,1.5905625,1,gaali
gaali__755.wav,0.509375,1,gaali
gaali__560.wav,1.514625,1,gaali
gaali__990.wav,1.06,1,gaali
gaali__252.wav,0.9288125,1,gaali
gaali__744.wav,0.9496875,1,gaali
gaali__203.wav,1.5266875,1,gaali
gaali__386.wav,1.1145625,1,gaali
gaali__1248.wav,1.1,1,gaali
gaali__885.wav,1.18,1,gaali
gaali__1392.wav,1.16,1,gaali
gaali__836.wav,1.666,1,gaali
gaali__878.wav,1.08,1,gaali
gaali__1222.wav,1.02,1,gaali
gaali__891.wav,1.46,1,gaali
gaali__785.wav,0.55725,1,gaali
gaali__1225.wav,1.02,1,gaali
gaali__955.wav,0.92,1,gaali
gaali__41.wav,0.678625,1,gaali
gaali__838.wav,1.6524375,1,gaali
gaali__333.wav,1.6834375,1,gaali
gaali__866.wav,1.16,1,gaali
gaali__233.wav,1.2770625,1,gaali
gaali__996.wav,1.12,1,gaali
gaali__1429.wav,1.26,1,gaali
gaali__419.wav,1.3176875,1,gaali
gaali__633.wav,0.714,1,gaali
gaali__1277.wav,1.44,1,gaali
gaali__595.wav,1.1203125,1,gaali
gaali__969.wav,1.02,1,gaali
gaali__1341.wav,1.06,1,gaali
gaali__956.wav,0.98,1,gaali
gaali__248.wav,0.7198125,1,gaali
gaali__799.wav,0.6965625,1,gaali
gaali__36.wav,1.06,1,gaali
gaali__962.wav,1.12,1,gaali
gaali__945.wav,1.24,1,gaali
gaali__1132.wav,1.18,1,gaali
gaali__960.wav,0.88,1,gaali
gaali__882.wav,1.22,1,gaali
gaali__1342.wav,0.98,1,gaali
gaali__1270.wav,1.16,1,gaali
gaali__6.wav,1.26,1,gaali
gaali__712.wav,1.5731875,1,gaali
gaali__1344.wav,1.18,1,gaali
gaali__370.wav,0.963625,1,gaali
gaali__446.wav,0.8475625,1,gaali
gaali__1365.wav,1.02,1,gaali
gaali__1243.wav,1.28,1,gaali
gaali__343.wav,1.13775,1,gaali
gaali__550.wav,1.7299375,1,gaali
gaali__887.wav,1.22,1,gaali
gaali__1308.wav,1.76,1,gaali
gaali__1145.wav,1.52,1,gaali
gaali__1099.wav,0.9,1,gaali
gaali__1203.wav,0.86,1,gaali
gaali__1138.wav,1.06,1,gaali
gaali__1029.wav,1.18,1,gaali
gaali__506.wav,1.0565,1,gaali
gaali__1202.wav,1.24,1,gaali
gaali__1269.wav,1.54,1,gaali
gaali__691.wav,1.3849375,1,gaali
gaali__1087.wav,1.68,1,gaali
gaali__783.wav,0.66175,1,gaali
gaali__143.wav,1.7414375,1,gaali
gaali__1169.wav,1.0,1,gaali
gaali__250.wav,1.4745,1,gaali
gaali__711.wav,1.5063125,1,gaali
gaali__501.wav,1.48025,1,gaali
gaali__412.wav,1.091375,1,gaali
gaali__34.wav,1.1,1,gaali
gaali__1046.wav,1.28,1,gaali
gaali__1336.wav,1.28,1,gaali
gaali__1310.wav,1.5,1,gaali
gaali__224.wav,0.4063125,1,gaali
gaali__493.wav,1.7415,1,gaali
gaali__190.wav,1.45375,1,gaali
gaali__1302.wav,1.72,1,gaali
gaali__828.wav,1.82275,1,gaali
gaali__116.wav,0.878625,1,gaali
gaali__20.wav,1.28,1,gaali
gaali__1295.wav,1.18,1,gaali
gaali__1368.wav,0.98,1,gaali
gaali__288.wav,1.073875,1,gaali
gaali__802.wav,1.4396875,1,gaali
gaali__1408.wav,1.38,1,gaali
gaali__1063.wav,1.6,1,gaali
gaali__842.wav,1.46,1,gaali
gaali__554.wav,1.34525,1,gaali
gaali__1282.wav,1.12,1,gaali
gaali__102.wav,1.078625,1,gaali
gaali__655.wav,1.2325625,1,gaali
gaali__591.wav,0.8736875,1,gaali
gaali__1064.wav,1.58,1,gaali
gaali__698.wav,1.478625,1,gaali
gaali__1195.wav,1.0,1,gaali
gaali__906.wav,1.18,1,gaali
gaali__605.wav,0.940375,1,gaali
gaali__905.wav,1.08,1,gaali
gaali__942.wav,1.22,1,gaali
gaali__1039.wav,1.12,1,gaali
gaali__1141.wav,1.0,1,gaali
gaali__400.wav,0.9055625,1,gaali
gaali__282.wav,1.230625,1,gaali
gaali__120.wav,1.18475,1,gaali
gaali__1335.wav,1.24,1,gaali
gaali__481.wav,0.8475,1,gaali
gaali__723.wav,0.9288125,1,gaali
gaali__590.wav,1.6311875,1,gaali
gaali__1124.wav,1.44,1,gaali
gaali__1414.wav,1.28,1,gaali
gaali__174.wav,1.2655,1,gaali
gaali__195.wav,1.0913125,1,gaali
gaali__860.wav,1.6,1,gaali
gaali__844.wav,1.5,1,gaali
gaali__384.wav,1.253875,1,gaali
gaali__1078.wav,1.76,1,gaali
gaali__1004.wav,1.12,1,gaali
gaali__433.wav,1.07975,1,gaali
gaali__1338.wav,1.22,1,gaali
gaali__764.wav,0.9315625,1,gaali
gaali__317.wav,0.7895,1,gaali
gaali__272.wav,0.986875,1,gaali
gaali__340.wav,0.7894375,1,gaali
gaali__753.wav,0.675125,1,gaali
gaali__650.wav,1.718625,1,gaali
gaali__782.wav,0.7430625,1,gaali
gaali__332.wav,1.3235625,1,gaali
gaali__1373.wav,1.08,1,gaali
gaali__1390.wav,1.04,1,gaali
gaali__766.wav,0.538375,1,gaali
gaali__733.wav,1.2045,1,gaali
gaali__459.wav,1.1145625,1,gaali
gaali__1297.wav,1.26,1,gaali
gaali__992.wav,1.16,1,gaali
gaali__107.wav,1.078625,1,gaali
gaali__473.wav,1.1378125,1,gaali
gaali__685.wav,1.878625,1,gaali
gaali__7.wav,1.58,1,gaali
gaali__670.wav,1.438625,1,gaali
gaali__213.wav,0.5736875,1,gaali
gaali__643.wav,1.998625,1,gaali
gaali__531.wav,1.5789375,1,gaali
gaali__89.wav,0.958625,1,gaali
gaali__1360.wav,1.04,1,gaali
gaali__909.wav,1.88,1,gaali
gaali__1148.wav,1.02,1,gaali
gaali__180.wav,0.4528125,1,gaali
gaali__1096.wav,1.46,1,gaali
gaali__1085.wav,1.56,1,gaali
gaali__1038.wav,1.14,1,gaali
gaali__1437.wav,1.28,1,gaali
gaali__1044.wav,1.16,1,gaali
gaali__437.wav,1.1145625,1,gaali
gaali__914.wav,1.06,1,gaali
gaali__608.wav,0.87075,1,gaali
gaali__575.wav,1.61375,1,gaali
gaali__84.wav,1.558625,1,gaali
gaali__973.wav,1.3,1,gaali
gaali__778.wav,1.1841875,1,gaali
gaali__819.wav,1.389125,1,gaali
gaali__1128.wav,1.28,1,gaali
gaali__769.wav,0.6559375,1,gaali
gaali__61.wav,1.758625,1,gaali
gaali__1375.wav,1.06,1,gaali
gaali__810.wav,1.2005,1,gaali
gaali__299.wav,1.4570625,1,gaali
gaali__1426.wav,1.36,1,gaali
gaali__975.wav,1.72,1,gaali
gaali__1285.wav,1.32,1,gaali
gaali__589.wav,1.4686875,1,gaali
gaali__57.wav,0.918625,1,gaali
gaali__355.wav,0.97525,1,gaali
gaali__504.wav,0.7081875,1,gaali
gaali__1026.wav,1.12,1,gaali
gaali__985.wav,1.26,1,gaali
gaali__88.wav,1.958625,1,gaali
gaali__1065.wav,1.62,1,gaali
gaali__29.wav,1.28,1,gaali
gaali__637.wav,0.772625,1,gaali
gaali__464.wav,0.859125,1,gaali
gaali__24.wav,1.3,1,gaali
gaali__1187.wav,1.1,1,gaali
gaali__1164.wav,1.2,1,gaali
gaali__722.wav,1.55575,1,gaali
gaali__989.wav,1.1,1,gaali
gaali__861.wav,1.64,1,gaali
gaali__44.wav,0.958625,1,gaali
gaali__296.wav,1.207,1,gaali
gaali__1053.wav,1.18,1,gaali
gaali__968.wav,0.96,1,gaali
gaali__553.wav,0.777875,1,gaali
gaali__921.wav,1.18,1,gaali
gaali__374.wav,0.696625,1,gaali
gaali__1115.wav,1.2,1,gaali
gaali__541.wav,1.5093125,1,gaali
gaali__1135.wav,0.94,1,gaali
gaali__896.wav,1.14,1,gaali
gaali__1219.wav,1.22,1,gaali
gaali__209.wav,1.40375,1,gaali
gaali__1104.wav,1.18,1,gaali
gaali__1142.wav,1.02,1,gaali
gaali__509.wav,0.7604375,1,gaali
gaali__1291.wav,1.48,1,gaali
gaali__1226.wav,1.1,1,gaali
gaali__53.wav,1.1860625,1,gaali
gaali__434.wav,0.952,1,gaali
gaali__1334.wav,0.94,1,gaali
gaali__1294.wav,1.38,1,gaali
gaali__993.wav,1.14,1,gaali
gaali__1232.wav,1.12,1,gaali
gaali__1438.wav,1.4,1,gaali
gaali__574.wav,1.068625,1,gaali
gaali__1253.wav,0.94,1,gaali
gaali__1346.wav,1.18,1,gaali
gaali__1387.wav,0.94,1,gaali
gaali__688.wav,1.318625,1,gaali
gaali__463.wav,1.1145625,1,gaali
gaali__165.wav,1.2539375,1,gaali
gaali__245.wav,0.894,1,gaali
gaali__864.wav,1.46,1,gaali
gaali__1210.wav,1.12,1,gaali
gaali__912.wav,1.16,1,gaali
gaali__1240.wav,0.88,1,gaali
gaali__191.wav,1.445875,1,gaali
gaali__284.wav,0.8823125,1,gaali
gaali__1254.wav,0.92,1,gaali
gaali__1180.wav,1.42,1,gaali
gaali__1175.wav,1.16,1,gaali
gaali__527.wav,0.934625,1,gaali
gaali__676.wav,1.878625,1,gaali
gaali__297.wav,0.7501875,1,gaali
gaali__445.wav,1.068125,1,gaali
gaali__859.wav,1.68,1,gaali
gaali__240.wav,1.1958125,1,gaali
gaali__1191.wav,1.02,1,gaali
gaali__1090.wav,1.56,1,gaali
gaali__373.wav,0.87075,1,gaali
gaali__1220.wav,1.06,1,gaali
gaali__1397.wav,1.28,1,gaali
gaali__820.wav,1.231875,1,gaali
gaali__542.wav,1.335125,1,gaali
gaali__25.wav,0.991125,1,gaali
gaali__338.wav,0.859125,1,gaali
gaali__1017.wav,1.24,1,gaali
gaali__303.wav,1.6428125,1,gaali
gaali__110.wav,1.038625,1,gaali
gaali__549.wav,0.940375,1,gaali
gaali__39.wav,1.661875,1,gaali
gaali__122.wav,1.518625,1,gaali
gaali__713.wav,1.0216875,1,gaali
gaali__690.wav,1.838625,1,gaali
gaali__101.wav,1.398625,1,gaali
gaali__741.wav,1.2645625,1,gaali
gaali__672.wav,1.838625,1,gaali
gaali__1015.wav,1.3,1,gaali
gaali__724.wav,1.6485,1,gaali
gaali__804.wav,1.66025,1,gaali
gaali__780.wav,1.2016875,1,gaali
gaali__342.wav,1.1145625,1,gaali
gaali__72.wav,1.358625,1,gaali
gaali__750.wav,0.7415625,1,gaali
gaali__998.wav,1.16,1,gaali
gaali__1192.wav,1.02,1,gaali
gaali__1217.wav,1.04,1,gaali
gaali__1401.wav,1.14,1,gaali
gaali__54.wav,1.558625,1,gaali
gaali__497.wav,1.3525625,1,gaali
gaali__212.wav,1.016625,1,gaali
gaali__59.wav,1.078625,1,gaali
gaali__940.wav,1.26,1,gaali
gaali__1402.wav,1.18,1,gaali
gaali__532.wav,1.648625,1,gaali
gaali__611.wav,1.1725625,1,gaali
gaali__856.wav,1.44,1,gaali
gaali__291.wav,1.878625,1,gaali
gaali__660.wav,1.4295,1,gaali
gaali__1020.wav,1.0,1,gaali
gaali__1322.wav,1.22,1,gaali
gaali__199.wav,1.6021875,1,gaali
gaali__1030.wav,1.02,1,gaali
gaali__1000.wav,1.16,1,gaali
gaali__543.wav,1.1261875,1,gaali
gaali__1014.wav,1.78,1,gaali
gaali__103.wav,1.598625,1,gaali
gaali__372.wav,1.0796875,1,gaali
gaali__127.wav,0.97525,1,gaali
gaali__1188.wav,0.98,1,gaali
gaali__786.wav,1.1203125,1,gaali
gaali__537.wav,1.5673125,1,gaali
gaali__1178.wav,1.76,1,gaali
gaali__1035.wav,1.06,1,gaali
gaali__258.wav,1.2190625,1,gaali
gaali__383.wav,1.4338125,1,gaali
gaali__545.wav,1.4048125,1,gaali
gaali__664.wav,1.758625,1,gaali
gaali__378.wav,1.091375,1,gaali
gaali__1314.wav,1.44,1,gaali
gaali__667.wav,1.758625,1,gaali
gaali__1231.wav,1.14,1,gaali
gaali__1121.wav,1.18,1,gaali
gaali__75.wav,1.918625,1,gaali
gaali__855.wav,1.48,1,gaali
gaali__539.wav,1.149375,1,gaali
gaali__514.wav,1.750875,1,gaali
gaali__1379.wav,1.12,1,gaali
gaali__380.wav,0.76625,1,gaali
gaali__1252.wav,0.94,1,gaali
gaali__1354.wav,1.22,1,gaali
gaali__679.wav,1.429625,1,gaali
gaali__569.wav,0.8173125,1,gaali
gaali__793.wav,0.63275,1,gaali
gaali__833.wav,0.8879375,1,gaali
gaali__421.wav,1.2423125,1,gaali
gaali__452.wav,1.336125,1,gaali
gaali__1345.wav,1.26,1,gaali
gaali__344.wav,0.6269375,1,gaali
gaali__1155.wav,1.16,1,gaali
gaali__244.wav,0.87075,1,gaali
gaali__812.wav,0.9984375,1,gaali
gaali__205.wav,1.6021875,1,gaali
gaali__511.wav,1.6360625,1,gaali
gaali__376.wav,0.60375,1,gaali
gaali__83.wav,1.838625,1,gaali
gaali__649.wav,1.192125,1,gaali
gaali__1367.wav,0.98,1,gaali
gaali__1430.wav,1.38,1,gaali
gaali__948.wav,1.24,1,gaali
gaali__167.wav,0.74575,1,gaali
gaali__558.wav,0.5805,1,gaali
gaali__157.wav,1.515375,1,gaali
gaali__280.wav,1.1029375,1,gaali
gaali__1263.wav,1.04,1,gaali
gaali__1440.wav,1.520125,1,gaali
gaali__530.wav,1.7763125,1,gaali
gaali__937.wav,1.24,1,gaali
gaali__1418.wav,1.38,1,gaali
gaali__456.wav,0.9663125,1,gaali
gaali__732.wav,1.030375,1,gaali
gaali__988.wav,1.24,1,gaali
gaali__652.wav,1.5788125,1,gaali
gaali__1280.wav,1.68,1,gaali
gaali__1054.wav,1.2,1,gaali
gaali__1101.wav,1.04,1,gaali
gaali__1415.wav,1.2,1,gaali
gaali__147.wav,0.568875,1,gaali
gaali__525.wav,1.3235,1,gaali
gaali__377.wav,1.729875,1,gaali
gaali__105.wav,1.118625,1,gaali
gaali__681.wav,1.5101875,1,gaali
gaali__822.wav,0.9926875,1,gaali
gaali__60.wav,1.078625,1,gaali
gaali__517.wav,1.2190625,1,gaali
gaali__1307.wav,1.44,1,gaali
gaali__824.wav,1.1608125,1,gaali
gaali__259.wav,1.253875,1,gaali
gaali__1255.wav,0.94,1,gaali
gaali__328.wav,1.40875,1,gaali
gaali__4.wav,1.46,1,gaali
gaali__562.wav,1.514625,1,gaali
gaali__1224.wav,1.12,1,gaali
gaali__867.wav,1.14,1,gaali
gaali__966.wav,0.96,1,gaali
gaali__740.wav,1.580375,1,gaali
gaali__1313.wav,1.32,1,gaali
gaali__201.wav,0.812375,1,gaali
gaali__1259.wav,1.06,1,gaali
gaali__749.wav,0.6864375,1,gaali
gaali__567.wav,0.777875,1,gaali
gaali__179.wav,0.7894375,1,gaali
gaali__1152.wav,1.18,1,gaali
gaali__1149.wav,1.06,1,gaali
gaali__40.wav,0.678625,1,gaali
gaali__978.wav,1.26,1,gaali
gaali__267.wav,0.97525,1,gaali
gaali__976.wav,1.32,1,gaali
gaali__661.wav,1.4973125,1,gaali
gaali__336.wav,0.9926875,1,gaali
gaali__141.wav,1.2525,1,gaali
gaali__495.wav,0.8126875,1,gaali
gaali__877.wav,1.18,1,gaali
gaali__382.wav,0.714,1,gaali
gaali__519.wav,0.934625,1,gaali
gaali__826.wav,1.4328125,1,gaali
gaali__1174.wav,1.06,1,gaali
gaali__1049.wav,1.22,1,gaali
gaali__555.wav,1.068125,1,gaali
gaali__798.wav,0.5225,1,gaali
gaali__1048.wav,1.3,1,gaali
gaali__1376.wav,1.0,1,gaali
gaali__934.wav,1.38,1,gaali
gaali__163.wav,1.68525,1,gaali
gaali__490.wav,0.0231875,1,gaali
gaali__1034.wav,1.02,1,gaali
gaali__1133.wav,1.2,1,gaali
gaali__787.wav,0.4238125,1,gaali
gaali__987.wav,1.1,1,gaali
gaali__577.wav,1.5325,1,gaali
gaali__662.wav,1.1991875,1,gaali
gaali__593.wav,0.6849375,1,gaali
gaali__478.wav,1.2655,1,gaali
gaali__823.wav,1.4,1,gaali
gaali__447.wav,1.1725625,1,gaali
gaali__1343.wav,0.94,1,gaali
gaali__137.wav,1.37,1,gaali
gaali__87.wav,1.278625,1,gaali
gaali__134.wav,1.0565,1,gaali
gaali__237.wav,0.9288125,1,gaali
gaali__123.wav,1.741375,1,gaali
gaali__361.wav,0.801125,1,gaali
gaali__403.wav,1.6586875,1,gaali
gaali__761.wav,0.34825,1,gaali
gaali__43.wav,1.038625,1,gaali
gaali__1108.wav,1.02,1,gaali
gaali__477.wav,1.24225,1,gaali
gaali__1331.wav,1.3,1,gaali
gaali__436.wav,0.8649375,1,gaali
gaali__1197.wav,0.84,1,gaali
gaali__168.wav,0.994375,1,gaali
gaali__644.wav,1.758625,1,gaali
gaali__1320.wav,1.38,1,gaali
gaali__1184.wav,1.36,1,gaali
gaali__49.wav,1.478625,1,gaali
gaali__977.wav,1.7,1,gaali
gaali__618.wav,1.2423125,1,gaali
gaali__640.wav,1.227875,1,gaali
gaali__919.wav,1.7,1,gaali
gaali__1061.wav,1.62,1,gaali
gaali__614.wav,1.4744375,1,gaali
gaali__483.wav,1.5325,1,gaali
gaali__1391.wav,1.14,1,gaali
gaali__1190.wav,1.54,1,gaali
gaali__65.wav,1.1269375,1,gaali
gaali__613.wav,0.777875,1,gaali
gaali__451.wav,1.044875,1,gaali
gaali__466.wav,0.8475625,1,gaali
gaali__1230.wav,1.08,1,gaali
gaali__806.wav,0.905625,1,gaali
gaali__638.wav,0.8158125,1,gaali
gaali__1147.wav,1.06,1,gaali
gaali__1111.wav,1.48,1,gaali
gaali__889.wav,1.32,1,gaali
gaali__827.wav,1.9074375,1,gaali
gaali__335.wav,0.777875,1,gaali
gaali__1366.wav,1.12,1,gaali
gaali__186.wav,0.8010625,1,gaali
gaali__999.wav,1.18,1,gaali
gaali__1413.wav,1.42,1,gaali
gaali__85.wav,1.5705,1,gaali
gaali__352.wav,1.3003125,1,gaali
gaali__402.wav,1.2306875,1,gaali
gaali__1068.wav,1.58,1,gaali
gaali__874.wav,1.1,1,gaali
gaali__756.wav,0.5290625,1,gaali
gaali__1428.wav,1.58,1,gaali
gaali__1027.wav,1.02,1,gaali
gaali__217.wav,0.6825625,1,gaali
gaali__391.wav,1.07975,1,gaali
gaali__298.wav,1.4803125,1,gaali
gaali__211.wav,1.256875,1,gaali
gaali__1077.wav,1.88,1,gaali
gaali__538.wav,1.4280625,1,gaali
gaali__763.wav,0.8408125,1,gaali
gaali__852.wav,1.44,1,gaali
gaali__311.wav,1.0333125,1,gaali
gaali__702.wav,1.24225,1,gaali
gaali__979.wav,1.46,1,gaali
gaali__935.wav,1.2,1,gaali
gaali__829.wav,1.6485625,1,gaali
gaali__1154.wav,1.14,1,gaali
gaali__220.wav,0.5804375,1,gaali
gaali__536.wav,1.45125,1,gaali
gaali__268.wav,1.0216875,1,gaali
gaali__584.wav,1.2074375,1,gaali
gaali__1071.wav,1.52,1,gaali
gaali__1137.wav,1.2,1,gaali
gaali__980.wav,1.42,1,gaali
gaali__379.wav,0.8416875,1,gaali
gaali__140.wav,0.9171875,1,gaali
gaali__602.wav,0.6791875,1,gaali
gaali__73.wav,1.478625,1,gaali
gaali__547.wav,1.2190625,1,gaali
gaali__68.wav,1.278625,1,gaali
gaali__1088.wav,1.62,1,gaali
gaali__616.wav,1.1841875,1,gaali
gaali__146.wav,0.8649375,1,gaali
gaali__1325.wav,1.26,1,gaali
gaali__350.wav,1.161,1,gaali
gaali__1196.wav,1.54,1,gaali
gaali__133.wav,1.277125,1,gaali
gaali__390.wav,1.10875,1,gaali
gaali__263.wav,1.1029375,1,gaali
gaali__552.wav,1.544125,1,gaali
gaali__1276.wav,1.58,1,gaali
gaali__1244.wav,1.36,1,gaali
gaali__1435.wav,1.32,1,gaali
gaali__1079.wav,1.66,1,gaali
gaali__58.wav,1.038625,1,gaali
gaali__770.wav,0.7953125,1,gaali
gaali__508.wav,0.7605,1,gaali
gaali__677.wav,1.3420625,1,gaali
gaali__1420.wav,1.26,1,gaali
gaali__1318.wav,1.36,1,gaali
gaali__1266.wav,1.14,1,gaali
gaali__967.wav,1.06,1,gaali
gaali__1299.wav,1.44,1,gaali
gaali__1200.wav,1.18,1,gaali
gaali__279.wav,1.544125,1,gaali
gaali__1110.wav,1.06,1,gaali
gaali__970.wav,1.0,1,gaali
gaali__871.wav,1.16,1,gaali
gaali__482.wav,1.4860625,1,gaali
gaali__80.wav,1.638625,1,gaali
gaali__728.wav,1.010125,1,gaali
gaali__762.wav,0.901375,1,gaali
gaali__1304.wav,1.56,1,gaali
gaali__1215.wav,1.02,1,gaali
gaali__1265.wav,0.88,1,gaali
gaali__367.wav,1.068125,1,gaali
gaali__684.wav,1.308375,1,gaali
gaali__893.wav,1.1,1,gaali
gaali__1120.wav,1.32,1,gaali
gaali__234.wav,0.9985,1,gaali
gaali__1036.wav,1.6,1,gaali
gaali__534.wav,1.429125,1,gaali
gaali__760.wav,0.406375,1,gaali
gaali__450.wav,0.8185,1,gaali
gaali__890.wav,1.38,1,gaali
gaali__1003.wav,1.7,1,gaali
gaali__1300.wav,1.54,1,gaali
gaali__1411.wav,1.28,1,gaali
gaali__961.wav,1.08,1,gaali
gaali__423.wav,1.737625,1,gaali
gaali__648.wav,0.8610625,1,gaali
gaali__1261.wav,0.98,1,gaali
gaali__329.wav,0.9841875,1,gaali
gaali__809.wav,1.3119375,1,gaali
gaali__1250.wav,1.48,1,gaali
gaali__1125.wav,1.2,1,gaali
gaali__1286.wav,1.38,1,gaali
gaali__1007.wav,0.96,1,gaali
gaali__578.wav,1.253875,1,gaali
gaali__840.wav,1.277125,1,gaali
gaali__529.wav,0.882375,1,gaali
gaali__1163.wav,1.12,1,gaali
gaali__422.wav,1.219,1,gaali
gaali__1119.wav,1.04,1,gaali
gaali__159.wav,1.500625,1,gaali
gaali__881.wav,1.2,1,gaali
gaali__416.wav,1.4048125,1,gaali
gaali__368.wav,0.8243125,1,gaali
gaali__904.wav,1.26,1,gaali
gaali__607.wav,1.0275,1,gaali
gaali__261.wav,1.3003125,1,gaali
gaali__559.wav,0.830125,1,gaali
gaali__189.wav,1.8883125,1,gaali
gaali__154.wav,1.055625,1,gaali
gaali__325.wav,1.4745,1,gaali
gaali__686.wav,1.358625,1,gaali
gaali__617.wav,1.1958125,1,gaali
gaali__1051.wav,1.2,1,gaali
gaali__1092.wav,1.64,1,gaali
gaali__156.wav,1.0113125,1,gaali
gaali__1018.wav,1.24,1,gaali
gaali__500.wav,1.149375,1,gaali
gaali__931.wav,1.16,1,gaali
gaali__1369.wav,1.2,1,gaali
gaali__63.wav,1.318625,1,gaali
gaali__151.wav,0.8649375,1,gaali
gaali__1153.wav,1.18,1,gaali
gaali__803.wav,1.3815625,1,gaali
gaali__1229.wav,0.88,1,gaali
gaali__1221.wav,1.02,1,gaali
gaali__187.wav,1.569125,1,gaali
gaali__982.wav,1.6,1,gaali
gaali__1056.wav,1.54,1,gaali
gaali__808.wav,1.0100625,1,gaali
gaali__128.wav,1.07975,1,gaali
gaali__765.wav,0.8529375,1,gaali
gaali__952.wav,1.72,1,gaali
gaali__1171.wav,1.3,1,gaali
gaali__981.wav,1.7,1,gaali
gaali__566.wav,1.094,1,gaali
gaali__1059.wav,1.54,1,gaali
gaali__428.wav,1.3235,1,gaali
gaali__788.wav,0.412125,1,gaali
gaali__1082.wav,1.4,1,gaali
gaali__745.wav,0.769625,1,gaali
gaali__837.wav,1.8,1,gaali
gaali__172.wav,1.706625,1,gaali
gaali__1058.wav,1.56,1,gaali
gaali__1107.wav,1.02,1,gaali
gaali__327.wav,1.253875,1,gaali
gaali__18.wav,1.22,1,gaali
gaali__805.wav,1.7995,1,gaali
gaali__408.wav,1.637,1,gaali
gaali__210.wav,1.63775,1,gaali
gaali__345.wav,0.81275,1,gaali
gaali__1062.wav,1.66,1,gaali
gaali__158.wav,1.360875,1,gaali
gaali__491.wav,1.0650625,1,gaali
gaali__1205.wav,1.06,1,gaali
gaali__1419.wav,1.26,1,gaali
gaali__1439.wav,1.6021875,1,gaali
gaali__902.wav,1.18,1,gaali
gaali__1100.wav,0.96,1,gaali
gaali__45.wav,0.918625,1,gaali
gaali__695.wav,1.878625,1,gaali
gaali__1422.wav,1.34,1,gaali
gaali__983.wav,1.82,1,gaali
gaali__414.wav,1.55575,1,gaali
gaali__1019.wav,1.18,1,gaali
gaali__521.wav,0.8126875,1,gaali
gaali__55.wav,1.558625,1,gaali
gaali__136.wav,1.0100625,1,gaali
gaali__1168.wav,1.46,1,gaali
gaali__341.wav,1.34675,1,gaali
gaali__752.wav,0.7604375,1,gaali
gaali__155.wav,1.04825,1,gaali
gaali__610.wav,0.9288125,1,gaali
gaali__310.wav,1.18425,1,gaali
gaali__870.wav,1.24,1,gaali
gaali__1177.wav,1.18,1,gaali
gaali__86.wav,1.838625,1,gaali
gaali__647.wav,1.878625,1,gaali
gaali__289.wav,1.3430625,1,gaali
gaali__1389.wav,1.04,1,gaali
gaali__1216.wav,1.0,1,gaali
gaali__984.wav,1.72,1,gaali
gaali__337.wav,1.091375,1,gaali
gaali__707.wav,1.1701875,1,gaali
gaali__170.wav,0.7165,1,gaali
gaali__1166.wav,1.24,1,gaali
gaali__208.wav,1.381875,1,gaali
gaali__324.wav,1.253875,1,gaali
gaali__387.wav,1.1261875,1,gaali
gaali__743.wav,1.91,1,gaali
gaali__235.wav,0.8475,1,gaali
gaali__865.wav,1.68,1,gaali
gaali__229.wav,1.3003125,1,gaali
gaali__772.wav,0.6675625,1,gaali
gaali__417.wav,1.364125,1,gaali
gaali__814.wav,0.8359375,1,gaali
gaali__615.wav,1.37,1,gaali
gaali__474.wav,1.1725625,1,gaali
gaali__160.wav,0.9930625,1,gaali
gaali__283.wav,1.28875,1,gaali
gaali__175.wav,1.2074375,1,gaali
gaali__505.wav,0.577625,1,gaali
gaali__641.wav,1.598625,1,gaali
gaali__606.wav,1.0506875,1,gaali
gaali__719.wav,1.61725,1,gaali
gaali__22.wav,1.3,1,gaali
gaali__1143.wav,1.22,1,gaali
gaali__853.wav,1.58,1,gaali
gaali__748.wav,0.77425,1,gaali
gaali__847.wav,1.7,1,gaali
gaali__121.wav,1.4710625,1,gaali
gaali__183.wav,0.76625,1,gaali
gaali__634.wav,1.5093125,1,gaali
gaali__1260.wav,1.16,1,gaali
gaali__395.wav,0.7604375,1,gaali
gaali__1380.wav,1.12,1,gaali
gaali__429.wav,1.486125,1,gaali
gaali__359.wav,1.1029375,1,gaali
gaali__1315.wav,1.34,1,gaali
gaali__1424.wav,1.24,1,gaali
gaali__513.wav,1.4638125,1,gaali
gaali__480.wav,1.1958125,1,gaali
gaali__443.wav,1.044875,1,gaali
gaali__1273.wav,1.74,1,gaali
gaali__729.wav,1.5458125,1,gaali
gaali__600.wav,0.8649375,1,gaali
gaali__1081.wav,1.6,1,gaali
gaali__71.wav,1.798625,1,gaali
gaali__796.wav,0.615375,1,gaali
gaali__1298.wav,1.36,1,gaali
gaali__322.wav,0.8475625,1,gaali
gaali__238.wav,1.520875,1,gaali
gaali__185.wav,0.5805,1,gaali
gaali__375.wav,0.464375,1,gaali
gaali__1363.wav,0.98,1,gaali
gaali__326.wav,1.3119375,1,gaali
gaali__230.wav,1.03325,1,gaali
gaali__64.wav,1.398625,1,gaali
gaali__360.wav,0.8243125,1,gaali
gaali__936.wav,1.1,1,gaali
gaali__1199.wav,1.04,1,gaali
gaali__995.wav,1.12,1,gaali
gaali__117.wav,1.318625,1,gaali
gaali__111.wav,0.998625,1,gaali
gaali__1129.wav,1.02,1,gaali
gaali__1305.wav,1.4,1,gaali
gaali__974.wav,1.36,1,gaali
gaali__35.wav,0.94,1,gaali
gaali__1290.wav,1.32,1,gaali
gaali__1267.wav,1.36,1,gaali
gaali__916.wav,1.2,1,gaali
gaali__407.wav,1.2074375,1,gaali
gaali__484.wav,1.161,1,gaali
gaali__94.wav,1.118625,1,gaali
gaali__290.wav,1.518625,1,gaali
gaali__1228.wav,1.04,1,gaali
gaali__1005.wav,1.06,1,gaali
gaali__908.wav,1.7,1,gaali
gaali__467.wav,1.637,1,gaali
gaali__196.wav,1.3473125,1,gaali
gaali__943.wav,1.2,1,gaali
gaali__930.wav,1.64,1,gaali
gaali__431.wav,1.2886875,1,gaali
gaali__472.wav,1.5789375,1,gaali
gaali__1324.wav,1.06,1,gaali
gaali__1245.wav,1.58,1,gaali
gaali__67.wav,1.278625,1,gaali
gaali__1025.wav,1.68,1,gaali
gaali__1208.wav,1.2,1,gaali
gaali__448.wav,1.3351875,1,gaali
gaali__598.wav,1.0216875,1,gaali
gaali__16.wav,1.24,1,gaali
gaali__892.wav,1.36,1,gaali
gaali__901.wav,1.14,1,gaali
gaali__5.wav,1.54,1,gaali
gaali__469.wav,1.13775,1,gaali
gaali__126.wav,1.811125,1,gaali
gaali__99.wav,1.038625,1,gaali
gaali__1292.wav,1.36,1,gaali
gaali__306.wav,1.3931875,1,gaali
gaali__834.wav,1.1,1,gaali
gaali__389.wav,0.9171875,1,gaali
gaali__563.wav,1.2574375,1,gaali
gaali__815.wav,0.992625,1,gaali
gaali__673.wav,1.7071875,1,gaali
gaali__630.wav,1.4745,1,gaali
gaali__357.wav,1.71825,1,gaali
gaali__415.wav,1.567375,1,gaali
gaali__488.wav,0.7198125,1,gaali
gaali__557.wav,0.6385625,1,gaali
gaali__1028.wav,1.24,1,gaali
gaali__771.wav,1.187125,1,gaali
gaali__1198.wav,1.2,1,gaali
gaali__162.wav,1.7181875,1,gaali
gaali__274.wav,1.45125,1,gaali
gaali__457.wav,1.5789375,1,gaali
gaali__362.wav,1.4976875,1,gaali
gaali__1021.wav,0.98,1,gaali
gaali__347.wav,1.34675,1,gaali
gaali__271.wav,0.6036875,1,gaali
gaali__1114.wav,1.16,1,gaali
gaali__1233.wav,0.94,1,gaali
gaali__305.wav,1.824125,1,gaali
gaali__1074.wav,1.58,1,gaali
gaali__898.wav,1.22,1,gaali
gaali__863.wav,1.72,1,gaali
gaali__1022.wav,1.12,1,gaali
gaali__1382.wav,1.04,1,gaali
gaali__1423.wav,1.26,1,gaali
gaali__1321.wav,1.4,1,gaali
gaali__260.wav,1.6254375,1,gaali
gaali__561.wav,1.37175,1,gaali
gaali__330.wav,1.48875,1,gaali
gaali__215.wav,1.2780625,1,gaali
gaali__651.wav,1.7550625,1,gaali
gaali__1060.wav,1.48,1,gaali
gaali__100.wav,1.158625,1,gaali
gaali__1247.wav,1.08,1,gaali
gaali__1303.wav,1.5,1,gaali
gaali__907.wav,1.12,1,gaali
gaali__9.wav,1.3,1,gaali
gaali__1348.wav,1.3,1,gaali
gaali__1364.wav,0.82,1,gaali
gaali__214.wav,1.2271875,1,gaali
gaali__571.wav,1.29225,1,gaali
gaali__47.wav,1.158625,1,gaali
gaali__270.wav,0.8475625,1,gaali
gaali__1235.wav,1.0,1,gaali
gaali__1289.wav,1.44,1,gaali
gaali__242.wav,0.8359375,1,gaali
gaali__544.wav,0.9788125,1,gaali
gaali__82.wav,1.518625,1,gaali
gaali__388.wav,1.3525625,1,gaali
gaali__696.wav,1.798625,1,gaali
gaali__835.wav,1.5,1,gaali
gaali__393.wav,1.2480625,1,gaali
gaali__182.wav,0.8243125,1,gaali
gaali__1042.wav,0.84,1,gaali
gaali__339.wav,1.068125,1,gaali
gaali__1239.wav,1.16,1,gaali
gaali__138.wav,1.3003125,1,gaali
gaali__278.wav,0.9969375,1,gaali
gaali__1274.wav,1.48,1,gaali
gaali__1371.wav,1.5,1,gaali
gaali__255.wav,0.859125,1,gaali
gaali__588.wav,1.9853125,1,gaali
gaali__520.wav,0.823125,1,gaali
gaali__91.wav,0.878625,1,gaali
gaali__430.wav,1.335125,1,gaali
gaali__1146.wav,1.18,1,gaali
gaali__716.wav,1.6138125,1,gaali
gaali__868.wav,1.14,1,gaali
gaali__152.wav,1.0574375,1,gaali
gaali__1257.wav,0.94,1,gaali
gaali__316.wav,1.1261875,1,gaali
gaali__52.wav,1.798625,1,gaali
gaali__1410.wav,1.32,1,gaali
gaali__193.wav,1.3119375,1,gaali
gaali__23.wav,1.3,1,gaali
gaali__1091.wav,1.64,1,gaali
gaali__548.wav,1.1378125,1,gaali
gaali__108.wav,0.918625,1,gaali
gaali__751.wav,0.7836875,1,gaali
gaali__1312.wav,1.4,1,gaali
gaali__1333.wav,1.0,1,gaali
gaali__304.wav,1.1538125,1,gaali
gaali__767.wav,0.8881875,1,gaali
gaali__1002.wav,1.44,1,gaali
gaali__1249.wav,1.28,1,gaali
gaali__27.wav,1.58,1,gaali
gaali__413.wav,1.61375,1,gaali
gaali__817.wav,0.5456875,1,gaali
gaali__104.wav,1.198625,1,gaali
gaali__1172.wav,1.08,1,gaali
gaali__302.wav,0.833,1,gaali
gaali__964.wav,1.1,1,gaali
gaali__1386.wav,1.12,1,gaali
gaali__410.wav,1.45125,1,gaali
gaali__69.wav,1.598625,1,gaali
gaali__236.wav,0.87075,1,gaali
gaali__522.wav,1.3119375,1,gaali
gaali__709.wav,1.6308125,1,gaali
gaali__109.wav,1.198625,1,gaali
gaali__1156.wav,0.64,1,gaali
gaali__663.wav,1.4308125,1,gaali
gaali__1167.wav,1.12,1,gaali
gaali__369.wav,0.777875,1,gaali
gaali__406.wav,1.811125,1,gaali
gaali__929.wav,1.12,1,gaali
gaali__38.wav,1.0,1,gaali
gaali__1045.wav,1.22,1,gaali
gaali__683.wav,1.558625,1,gaali
gaali__247.wav,0.5805,1,gaali
gaali__1033.wav,1.36,1,gaali
gaali__1084.wav,1.64,1,gaali
gaali__257.wav,0.986875,1,gaali
gaali__1206.wav,1.18,1,gaali
gaali__349.wav,0.9985,1,gaali
gaali__1117.wav,1.72,1,gaali
gaali__687.wav,1.638625,1,gaali
gaali__1072.wav,1.66,1,gaali
gaali__460.wav,1.2886875,1,gaali
gaali__8.wav,1.3,1,gaali
gaali__775.wav,0.595,1,gaali
gaali__872.wav,1.2,1,gaali
gaali__470.wav,1.335125,1,gaali
gaali__894.wav,1.38,1,gaali
gaali__736.wav,1.111125,1,gaali
gaali__1238.wav,1.02,1,gaali
gaali__487.wav,0.011625,1,gaali
gaali__318.wav,1.544125,1,gaali
gaali__1010.wav,0.98,1,gaali
gaali__1352.wav,1.1,1,gaali
gaali__1185.wav,1.0,1,gaali
gaali__176.wav,1.35,1,gaali
gaali__587.wav,1.0913125,1,gaali
gaali__726.wav,1.6698125,1,gaali
gaali__492.wav,1.9505,1,gaali
gaali__475.wav,1.2190625,1,gaali
gaali__246.wav,0.8126875,1,gaali
gaali__441.wav,0.8359375,1,gaali
gaali__308.wav,1.6834375,1,gaali
gaali__1181.wav,0.96,1,gaali
gaali__401.wav,0.963625,1,gaali
gaali__48.wav,1.118625,1,gaali
gaali__219.wav,1.190875,1,gaali
gaali__718.wav,1.017625,1,gaali
gaali__565.wav,1.5470625,1,gaali
gaali__997.wav,1.18,1,gaali
gaali__599.wav,1.24225,1,gaali
gaali__458.wav,1.544125,1,gaali
gaali__277.wav,0.8591875,1,gaali
gaali__843.wav,1.64,1,gaali
gaali__580.wav,1.1145625,1,gaali
gaali__821.wav,1.1040625,1,gaali
gaali__657.wav,1.280125,1,gaali
gaali__17.wav,1.3,1,gaali
gaali__515.wav,1.337375,1,gaali
gaali__1288.wav,1.52,1,gaali
gaali__1296.wav,1.26,1,gaali
gaali__523.wav,1.8924375,1,gaali
gaali__254.wav,0.859125,1,gaali
gaali__161.wav,1.2285,1,gaali
gaali__510.wav,0.63275,1,gaali
gaali__1409.wav,1.44,1,gaali
gaali__1327.wav,1.04,1,gaali
gaali__703.wav,1.4280625,1,gaali
gaali__1086.wav,1.56,1,gaali
gaali__911.wav,1.14,1,gaali
gaali__118.wav,1.238625,1,gaali
gaali__1279.wav,1.4,1,gaali
gaali__1264.wav,1.02,1,gaali
gaali__851.wav,1.5,1,gaali
gaali__216.wav,0.8133125,1,gaali
gaali__831.wav,0.7198125,1,gaali
gaali__30.wav,1.5,1,gaali
gaali__1095.wav,1.48,1,gaali
gaali__62.wav,1.638625,1,gaali
gaali__540.wav,1.149375,1,gaali
gaali__845.wav,1.64,1,gaali
gaali__888.wav,1.16,1,gaali
gaali__227.wav,0.644375,1,gaali
gaali__880.wav,1.26,1,gaali
gaali__1378.wav,1.12,1,gaali
gaali__972.wav,1.22,1,gaali
gaali__285.wav,0.7663125,1,gaali
gaali__807.wav,1.1029375,1,gaali
gaali__1427.wav,1.26,1,gaali
gaali__1362.wav,1.06,1,gaali
gaali__710.wav,1.65575,1,gaali
gaali__1150.wav,1.06,1,gaali
gaali__1272.wav,1.5,1,gaali
gaali__354.wav,1.1261875,1,gaali
gaali__166.wav,0.96875,1,gaali
gaali__1130.wav,1.18,1,gaali
gaali__794.wav,0.493375,1,gaali
gaali__884.wav,1.14,1,gaali
gaali__841.wav,1.06,1,gaali
gaali__846.wav,1.46,1,gaali
gaali__928.wav,1.12,1,gaali
gaali__323.wav,1.24225,1,gaali
gaali__682.wav,1.302375,1,gaali
gaali__965.wav,0.94,1,gaali
gaali__849.wav,1.44,1,gaali
gaali__112.wav,0.838625,1,gaali
gaali__801.wav,1.044875,1,gaali
gaali__727.wav,1.3605625,1,gaali
gaali__1395.wav,1.26,1,gaali
gaali__1237.wav,1.02,1,gaali
gaali__795.wav,1.161,1,gaali
gaali__879.wav,1.4,1,gaali
gaali__1083.wav,1.42,1,gaali
gaali__570.wav,1.53025,1,gaali
gaali__927.wav,1.12,1,gaali
gaali__551.wav,1.5556875,1,gaali
gaali__818.wav,0.7718125,1,gaali
gaali__153.wav,1.572375,1,gaali
gaali__839.wav,1.413125,1,gaali
gaali__597.wav,0.9694375,1,gaali
gaali__632.wav,0.905625,1,gaali
gaali__1176.wav,1.06,1,gaali
gaali__730.wav,1.177875,1,gaali
gaali__883.wav,1.2,1,gaali
gaali__680.wav,1.6255,1,gaali
gaali__251.wav,1.230625,1,gaali
gaali__1075.wav,1.6,1,gaali
gaali__623.wav,1.555375,1,gaali
gaali__243.wav,1.3699375,1,gaali
gaali__603.wav,0.4701875,1,gaali
gaali__499.wav,1.1784375,1,gaali
gaali__1268.wav,1.42,1,gaali
gaali__759.wav,0.4295625,1,gaali
gaali__139.wav,1.1029375,1,gaali
gaali__77.wav,1.958625,1,gaali
gaali__777.wav,1.5789375,1,gaali
gaali__747.wav,0.689625,1,gaali
gaali__1236.wav,0.86,1,gaali
